headerdatestamp|headeridentifier|headersetSpec|metadata.mods.accessCondition#text|metadata.mods.accessCondition@type|metadata.mods.accessCondition@xlink:href|metadata.mods.genre#text|metadata.mods.genre@authority|metadata.mods.identifier#text|metadata.mods.identifier@type|metadata.mods.language.languageTerm#text|metadata.mods.language.languageTerm@authority|metadata.mods.language.languageTerm@type|metadata.mods.location.physicalLocation.0#text|metadata.mods.location.physicalLocation.0@displayLabel|metadata.mods.location.physicalLocation.1#text|metadata.mods.location.physicalLocation.1@displayLabel|metadata.mods.location.physicalLocation.2#text|metadata.mods.location.physicalLocation.2@displayLabel|metadata.mods.location.physicalLocation.3#text|metadata.mods.location.physicalLocation.3@displayLabel|metadata.mods.location.physicalLocation.4#text|metadata.mods.location.physicalLocation.4@displayLabel|metadata.mods.location.url.0#text|metadata.mods.location.url.0@access|metadata.mods.location.url.0@usage|metadata.mods.location.url.1#text|metadata.mods.location.url.1@access|metadata.mods.name.role.roleTerm#text|metadata.mods.name.role.roleTerm@authority|metadata.mods.name.role.roleTerm@valueURI|metadata.mods.namenamePart|metadata.mods.note#text|metadata.mods.note@displayLabel|metadata.mods.originInfo.dateCreated#text|metadata.mods.originInfo.dateCreated@encoding|metadata.mods.originInfo.dateCreated@keyDate|metadata.mods.originInfo.dateCreated@qualifier|metadata.mods.originInfopublisher|metadata.mods.physicalDescriptionextent|metadata.mods.recordInfo.languageOfCataloging.languageTerm#text|metadata.mods.recordInfo.languageOfCataloging.languageTerm@authority|metadata.mods.recordInfo.languageOfCataloging.languageTerm@type|metadata.mods.recordInfo.recordContentSource#text|metadata.mods.recordInfo.recordContentSource@valueURI|metadata.mods.relatedItem.titleInfotitle|metadata.mods.relatedItem@displayLabel|metadata.mods.relatedItem@type|metadata.mods.subject.0@authority|metadata.mods.subject.0topic|metadata.mods.subject.1@authority|metadata.mods.subject.1topic|metadata.mods.subject.2@authority|metadata.mods.subject.2topic|metadata.mods.subject.3@authority|metadata.mods.subject.3topic|metadata.mods.titleInfotitle|metadata.mods@version|metadata.mods@xmlns|metadata.mods@xmlns:xlink|metadata.mods@xmlns:xsi|metadata.mods@xsi:schemaLocation|metadata.modsabstract|metadata.modstypeOfResource
2020-02-25T04:01:25Z|sturley_77|sturley|Copyright Not             Evaluated|use and reproduction|http://rightsstatements.org/vocab/CNE/1.0/ |personal correspondence|AAT|TU:DLC:Filename:arm03030020000|local|eng|iso639-2b|code|Archives Collection|Collection|Arrowmont School of Arts and Crafts|Repository|Box 3, Folder 3|Detailed Location|Gatlinburg|City|Tennessee|State|https://digital.lib.utk.edu/collections/islandora/object/sturley%3A77|object in context|primary display|https://digital.lib.utk.edu/collections/islandora/object/sturley%3A77/datastream/TN/view|preview|Author|marcrelator|http://id.loc.gov/vocabulary/relators/aut|Sturley, Ruth|Arrowmont Letters|Project Part|1919-11-23|w3cdtf|yes|inferred|Arrowmont School of Arts and Crafts|4p|eng|iso639-2b|code|University of             Tennessee, Knoxville. Libraries|http://id.loc.gov/authorities/names/n87808088|From Pi Beta Phi to Arrowmont|Project|host|local|Living conditions.|local|Religion.|local|Churches.|local|Community outreach.|[Letter] Nov. 23, 1919, [Gatlinburg, Tennessee to] family|3.5|http://www.loc.gov/mods/v3|http://www.w3.org/1999/xlink|http://www.w3.org/2001/XMLSchema-instance|http://www.loc.gov/mods/v3 http://www.loc.gov/standards/mods/v3/mods-3-5.xsd|Gatlinburg to raise $700 as her share in church campaign - No observance of Thanksgiving or Christmas made by the mountain people -|text
2020-02-25T04:01:25Z|sturley_98|sturley|Copyright Not             Evaluated|use and reproduction|http://rightsstatements.org/vocab/CNE/1.0/ |personal correspondence|AAT|TU:DLC:Filename:arm03030015000|local|eng|iso639-2b|code|Archives Collection|Collection|Arrowmont School of Arts and Crafts|Repository|Box 3, Folder 3|Detailed Location|Gatlinburg|City|Tennessee|State|https://digital.lib.utk.edu/collections/islandora/object/sturley%3A98|object in context|primary display|https://digital.lib.utk.edu/collections/islandora/object/sturley%3A98/datastream/TN/view|preview|Author|marcrelator|http://id.loc.gov/vocabulary/relators/aut|Sturley, Ruth|Arrowmont Letters|Project Part|1919-11-10|w3cdtf|yes|inferred|Arrowmont School of Arts and Crafts|7p|eng|iso639-2b|code|University of             Tennessee, Knoxville. Libraries|http://id.loc.gov/authorities/names/n87808088|From Pi Beta Phi to Arrowmont|Project|host|local|Living conditions.|local|Crime.|local|People.|local|Social life.|[Letter] Nov. 10, 1919, [Gatlinburg, Tennessee to] family|3.5|http://www.loc.gov/mods/v3|http://www.w3.org/1999/xlink|http://www.w3.org/2001/XMLSchema-instance|http://www.loc.gov/mods/v3 http://www.loc.gov/standards/mods/v3/mods-3-5.xsd|Shooting in the Sugarlands - Squire Maples makes an examination|text
2020-02-25T04:01:25Z|sturley_82|sturley|Copyright Not             Evaluated|use and reproduction|http://rightsstatements.org/vocab/CNE/1.0/ |personal correspondence|AAT|TU:DLC:Filename:arm03030017000|local|eng|iso639-2b|code|Archives Collection|Collection|Arrowmont School of Arts and Crafts|Repository|Box 3, Folder 3|Detailed Location|Gatlinburg|City|Tennessee|State|https://digital.lib.utk.edu/collections/islandora/object/sturley%3A82|object in context|primary display|https://digital.lib.utk.edu/collections/islandora/object/sturley%3A82/datastream/TN/view|preview|Author|marcrelator|http://id.loc.gov/vocabulary/relators/aut|Sturley, Ruth|Arrowmont Letters|Project Part|1919-11-16|w3cdtf|yes|inferred|Arrowmont School of Arts and Crafts|4p|eng|iso639-2b|code|University of             Tennessee, Knoxville. Libraries|http://id.loc.gov/authorities/names/n87808088|From Pi Beta Phi to Arrowmont|Project|host|local|Living conditions.|local|Home visits.|local|People.|local|Social events.|[Letter] Nov. 16, 1919, [Gatlinburg, Tennessee to] family|3.5|http://www.loc.gov/mods/v3|http://www.w3.org/1999/xlink|http://www.w3.org/2001/XMLSchema-instance|http://www.loc.gov/mods/v3 http://www.loc.gov/standards/mods/v3/mods-3-5.xsd|Call on a large mountain family - Usual routine|text
2020-02-25T04:01:25Z|sturley_187|sturley|Copyright Not             Evaluated|use and reproduction|http://rightsstatements.org/vocab/CNE/1.0/ |personal correspondence|AAT|TU:DLC:Filename:arm03030004000|local|eng|iso639-2b|code|Archives Collection|Collection|Arrowmont School of Arts and Crafts|Repository|Box 3, Folder 3|Detailed Location|Gatlinburg|City|Tennessee|State|https://digital.lib.utk.edu/collections/islandora/object/sturley%3A187|object in context|primary display|https://digital.lib.utk.edu/collections/islandora/object/sturley%3A187/datastream/TN/view|preview|Author|marcrelator|http://id.loc.gov/vocabulary/relators/aut|Sturley, Ruth|Arrowmont Letters|Project Part|1919-10-20|w3cdtf|yes|inferred|Arrowmont School of Arts and Crafts|8p|eng|iso639-2b|code|University of             Tennessee, Knoxville. Libraries|http://id.loc.gov/authorities/names/n87808088|From Pi Beta Phi to Arrowmont|Project|host|local|Living Conditions.|local|People.|local|Food.|local|Social life.|[Letter] Oct. 20, 1919, [Gatlinburg, Tennessee to] family|3.5|http://www.loc.gov/mods/v3|http://www.w3.org/1999/xlink|http://www.w3.org/2001/XMLSchema-instance|http://www.loc.gov/mods/v3 http://www.loc.gov/standards/mods/v3/mods-3-5.xsd|Letter to Pi Phi Alumnae Club in Tacoma. Chestnuts. How the mountain people live and why we vist over night with only a few.|text
2020-02-25T04:01:25Z|sturley_1|sturley|Copyright Not             Evaluated|use and reproduction|http://rightsstatements.org/vocab/CNE/1.0/ |personal correspondence|AAT|TU:DLC:Filename:arm71000001000|local|eng|iso639-2b|code|Archives Collection|Collection|Arrowmont School of Arts and Crafts|Repository|Box 71, Folder 0|Detailed Location|Gatlinburg|City|Tennessee|State|https://digital.lib.utk.edu/collections/islandora/object/sturley%3A1|object in context|primary display|https://digital.lib.utk.edu/collections/islandora/object/sturley%3A1/datastream/TN/view|preview|Author|marcrelator|http://id.loc.gov/vocabulary/relators/aut|Sturley, Ruth|Ruth Sturley Diary|Project Part|1919-08-03|w3cdtf|yes|inferred|Arrowmont School of Arts and Crafts|75p|eng|iso639-2b|code|University of             Tennessee, Knoxville. Libraries|http://id.loc.gov/authorities/names/n87808088|From Pi Beta Phi to Arrowmont|Project|host|local|Living Conditions.|local|People.|local|Social life.|local|South Appalachian culture.|Ruth Sturley Diary|3.5|http://www.loc.gov/mods/v3|http://www.w3.org/1999/xlink|http://www.w3.org/2001/XMLSchema-instance|http://www.loc.gov/mods/v3 http://www.loc.gov/standards/mods/v3/mods-3-5.xsd|Ruth Sturley's personal diary begun in August 1919 when she began teaching at Pi Beta Phi Settlement School in Gatlinburg, Tennessee.|text
2020-02-25T04:01:25Z|sturley_614|sturley|Copyright Not             Evaluated|use and reproduction|http://rightsstatements.org/vocab/CNE/1.0/ |personal correspondence|AAT|TU:DLC:Filename:arm03040007000|local|eng|iso639-2b|code|Archives Collection|Collection|Arrowmont School of Arts and Crafts|Repository|Box 3, Folder 4|Detailed Location|Gatlinburg|City|Tennessee|State|https://digital.lib.utk.edu/collections/islandora/object/sturley%3A614|object in context|primary display|https://digital.lib.utk.edu/collections/islandora/object/sturley%3A614/datastream/TN/view|preview|Author|marcrelator|http://id.loc.gov/vocabulary/relators/aut|Sturley, Ruth|Arrowmont Letters|Project Part|1920-02-15|w3cdtf|yes|inferred|Arrowmont School of Arts and Crafts|7p|eng|iso639-2b|code|University of             Tennessee, Knoxville. Libraries|http://id.loc.gov/authorities/names/n87808088|From Pi Beta Phi to Arrowmont|Project|host|local|Social events.|local|Snow.|local|Holidays.|local|People.|[Letter] Feb. 15, 1920, [Gatlinburg, Tennessee to] family|3.5|http://www.loc.gov/mods/v3|http://www.w3.org/1999/xlink|http://www.w3.org/2001/XMLSchema-instance|http://www.loc.gov/mods/v3 http://www.loc.gov/standards/mods/v3/mods-3-5.xsd|Snowstorm - Valentine's Day - School Magazine|text
2020-02-25T04:01:25Z|sturley_684|sturley|Copyright Not             Evaluated|use and reproduction|http://rightsstatements.org/vocab/CNE/1.0/ |personal correspondence|AAT|TU:DLC:Filename:arm03030026000|local|eng|iso639-2b|code|Archives Collection|Collection|Arrowmont School of Arts and Crafts|Repository|Box 3, Folder 3|Detailed Location|Gatlinburg|City|Tennessee|State|https://digital.lib.utk.edu/collections/islandora/object/sturley%3A684|object in context|primary display|https://digital.lib.utk.edu/collections/islandora/object/sturley%3A684/datastream/TN/view|preview|Author|marcrelator|http://id.loc.gov/vocabulary/relators/aut|Sturley, Ruth|Arrowmont Letters|Project Part|1919-12-11|w3cdtf|yes|inferred|Arrowmont School of Arts and Crafts|5p|eng|iso639-2b|code|University of             Tennessee, Knoxville. Libraries|http://id.loc.gov/authorities/names/n87808088|From Pi Beta Phi to Arrowmont|Project|host|local|Living conditions.|local|People.|local|Home visits.|local|School children.|[Letter] Dec. 11, 1919, [Gatlinburg, Tennessee to] family|3.5|http://www.loc.gov/mods/v3|http://www.w3.org/1999/xlink|http://www.w3.org/2001/XMLSchema-instance|http://www.loc.gov/mods/v3 http://www.loc.gov/standards/mods/v3/mods-3-5.xsd|School Work - Visit to the Oakley Family|text
2020-02-25T04:01:25Z|sturley_742|sturley|Copyright Not             Evaluated|use and reproduction|http://rightsstatements.org/vocab/CNE/1.0/ |personal correspondence|AAT|TU:DLC:Filename:arm03030008000|local|eng|iso639-2b|code|Archives Collection|Collection|Arrowmont School of Arts and Crafts|Repository|Box 3, Folder 3|Detailed Location|Gatlinburg|City|Tennessee|State|https://digital.lib.utk.edu/collections/islandora/object/sturley%3A742|object in context|primary display|https://digital.lib.utk.edu/collections/islandora/object/sturley%3A742/datastream/TN/view|preview|Author|marcrelator|http://id.loc.gov/vocabulary/relators/aut|Sturley, Ruth|Arrowmont Letters|Project Part|1919-10-28|w3cdtf|yes|inferred|Arrowmont School of Arts and Crafts|7p|eng|iso639-2b|code|University of             Tennessee, Knoxville. Libraries|http://id.loc.gov/authorities/names/n87808088|From Pi Beta Phi to Arrowmont|Project|host|local|Living Conditions.|local|Knoxville, Tennessee.|local|School programs.|local|People.|[Letter] Oct. 28, 1919, [Gatlinburg, Tennessee to] family|3.5|http://www.loc.gov/mods/v3|http://www.w3.org/1999/xlink|http://www.w3.org/2001/XMLSchema-instance|http://www.loc.gov/mods/v3 http://www.loc.gov/standards/mods/v3/mods-3-5.xsd|Trip to Knoxville. Trip to Wear's Valley. Debating Club|text
2020-02-25T04:01:25Z|sturley_114|sturley|Copyright Not             Evaluated|use and reproduction|http://rightsstatements.org/vocab/CNE/1.0/ |personal correspondence|AAT|TU:DLC:Filename:arm03030013000|local|eng|iso639-2b|code|Archives Collection|Collection|Arrowmont School of Arts and Crafts|Repository|Box 3, Folder 3|Detailed Location|Gatlinburg|City|Tennessee|State|https://digital.lib.utk.edu/collections/islandora/object/sturley%3A114|object in context|primary display|https://digital.lib.utk.edu/collections/islandora/object/sturley%3A114/datastream/TN/view|preview|Author|marcrelator|http://id.loc.gov/vocabulary/relators/aut|Sturley, Ruth|Arrowmont Letters|Project Part|1919-11-05|w3cdtf|yes|inferred|Arrowmont School of Arts and Crafts|10p|eng|iso639-2b|code|University of             Tennessee, Knoxville. Libraries|http://id.loc.gov/authorities/names/n87808088|From Pi Beta Phi to Arrowmont|Project|host|local|Living conditions.|local|Home visits.|local|People.|local|Social life.|[Letter] Nov. 5, 1919, [Gatlinburg, Tennessee to] family|3.5|http://www.loc.gov/mods/v3|http://www.w3.org/1999/xlink|http://www.w3.org/2001/XMLSchema-instance|http://www.loc.gov/mods/v3 http://www.loc.gov/standards/mods/v3/mods-3-5.xsd|Visit at a mountain home over night - Description of house, occupants and ways of living|text
2020-02-25T04:01:25Z|sturley_581|sturley|Copyright Not             Evaluated|use and reproduction|http://rightsstatements.org/vocab/CNE/1.0/ |personal correspondence|AAT|TU:DLC:Filename:arm03040012000|local|eng|iso639-2b|code|Archives Collection|Collection|Arrowmont School of Arts and Crafts|Repository|Box 3, Folder 4|Detailed Location|Gatlinburg|City|Tennessee|State|https://digital.lib.utk.edu/collections/islandora/object/sturley%3A581|object in context|primary display|https://digital.lib.utk.edu/collections/islandora/object/sturley%3A581/datastream/TN/view|preview|Author|marcrelator|http://id.loc.gov/vocabulary/relators/aut|Sturley, Ruth|Arrowmont Letters|Project Part|1920-03-10|w3cdtf|yes|inferred|Arrowmont School of Arts and Crafts|4p|eng|iso639-2b|code|University of             Tennessee, Knoxville. Libraries|http://id.loc.gov/authorities/names/n87808088|From Pi Beta Phi to Arrowmont|Project|host|local|Living Conditions.|local|Snow.|local|Home visits.|    |    |[Letter] March 10, 1920, [Gatlinburg, Tennessee to] family|3.5|http://www.loc.gov/mods/v3|http://www.w3.org/1999/xlink|http://www.w3.org/2001/XMLSchema-instance|http://www.loc.gov/mods/v3 http://www.loc.gov/standards/mods/v3/mods-3-5.xsd|More visiting at homes of mt. people -|text
2020-02-25T04:01:25Z|sturley_234|sturley|Copyright Not             Evaluated|use and reproduction|http://rightsstatements.org/vocab/CNE/1.0/ |personal correspondence|AAT|TU:DLC:Filename:arm03020016000|local|eng|iso639-2b|code|Archives Collection|Collection|Arrowmont School of Arts and Crafts|Repository|Box 3, Folder 2|Detailed Location|Gatlinburg|City|Tennessee|State|https://digital.lib.utk.edu/collections/islandora/object/sturley%3A234|object in context|primary display|https://digital.lib.utk.edu/collections/islandora/object/sturley%3A234/datastream/TN/view|preview|Author|marcrelator|http://id.loc.gov/vocabulary/relators/aut|Sturley, Ruth|Arrowmont Letters|Project Part|1919-10-05|w3cdtf|yes|inferred|Arrowmont School of Arts and Crafts|15p|eng|iso639-2b|code|University of             Tennessee, Knoxville. Libraries|http://id.loc.gov/authorities/names/n87808088|From Pi Beta Phi to Arrowmont|Project|host|local|Living Conditions.|local|People.|local|Fairs.|local|Social events.|[Letter] Oct. 05, 1919, [Gatlinburg, Tennessee to] family|3.5|http://www.loc.gov/mods/v3|http://www.w3.org/1999/xlink|http://www.w3.org/2001/XMLSchema-instance|http://www.loc.gov/mods/v3 http://www.loc.gov/standards/mods/v3/mods-3-5.xsd|We visit the Sevierville Fair and see our exhibits and others. Visit the McCarter family to see the making of molasses.|text
2020-02-25T04:01:25Z|sturley_356|sturley|Copyright Not             Evaluated|use and reproduction|http://rightsstatements.org/vocab/CNE/1.0/ |personal correspondence|AAT|TU:DLC:Filename:arm03020010000|local|eng|iso639-2b|code|Archives Collection|Collection|Arrowmont School of Arts and Crafts|Repository|Box 3, Folder 2|Detailed Location|Gatlinburg|City|Tennessee|State|https://digital.lib.utk.edu/collections/islandora/object/sturley%3A356|object in context|primary display|https://digital.lib.utk.edu/collections/islandora/object/sturley%3A356/datastream/TN/view|preview|Author|marcrelator|http://id.loc.gov/vocabulary/relators/aut|Sturley, Ruth|Arrowmont Letters|Project Part|1919-09-14|w3cdtf|yes|inferred|Arrowmont School of Arts and Crafts|17p|eng|iso639-2b|code|University of             Tennessee, Knoxville. Libraries|http://id.loc.gov/authorities/names/n87808088|From Pi Beta Phi to Arrowmont|Project|host|local|Social events.|local|School activities.|local|Sports.|local|Social life.|[Letter] Sept. 14, 1919, [Gatlinburg, Tennessee to] family|3.5|http://www.loc.gov/mods/v3|http://www.w3.org/1999/xlink|http://www.w3.org/2001/XMLSchema-instance|http://www.loc.gov/mods/v3 http://www.loc.gov/standards/mods/v3/mods-3-5.xsd|Go to shivaree up Wildcat Holler - Miss Turner's visit - All night at the Maples' home - Visit at Sevierville|text
2020-02-25T04:01:25Z|sturley_655|sturley|Copyright Not             Evaluated|use and reproduction|http://rightsstatements.org/vocab/CNE/1.0/ |personal correspondence|AAT|TU:DLC:Filename:arm03030029000|local|eng|iso639-2b|code|Archives Collection|Collection|Arrowmont School of Arts and Crafts|Repository|Box 3, Folder 3|Detailed Location|Gatlinburg|City|Tennessee|State|https://digital.lib.utk.edu/collections/islandora/object/sturley%3A655|object in context|primary display|https://digital.lib.utk.edu/collections/islandora/object/sturley%3A655/datastream/TN/view|preview|Author|marcrelator|http://id.loc.gov/vocabulary/relators/aut|Sturley, Ruth|Arrowmont Letters|Project Part|1919-12-20|w3cdtf|yes|inferred|Arrowmont School of Arts and Crafts|9p|eng|iso639-2b|code|University of             Tennessee, Knoxville. Libraries|http://id.loc.gov/authorities/names/n87808088|From Pi Beta Phi to Arrowmont|Project|host|local|Living Conditions.|local|Holidays.|    |    |    |    |[Letter] Dec. 20, 1920, [Gatlinburg, Tennessee to] family|3.5|http://www.loc.gov/mods/v3|http://www.w3.org/1999/xlink|http://www.w3.org/2001/XMLSchema-instance|http://www.loc.gov/mods/v3 http://www.loc.gov/standards/mods/v3/mods-3-5.xsd|Christmas program at school and ourr leaving the burg for the two weeks' Christmas vacation.|text
2020-02-25T04:01:25Z|sturley_442|sturley|Copyright Not             Evaluated|use and reproduction|http://rightsstatements.org/vocab/CNE/1.0/ |personal correspondence|AAT|TU:DLC:Filename:arm03040016000|local|eng|iso639-2b|code|Archives Collection|Collection|Arrowmont School of Arts and Crafts|Repository|Box 3, Folder 4|Detailed Location|Gatlinburg|City|Tennessee|State|https://digital.lib.utk.edu/collections/islandora/object/sturley%3A442|object in context|primary display|https://digital.lib.utk.edu/collections/islandora/object/sturley%3A442/datastream/TN/view|preview|Author|marcrelator|http://id.loc.gov/vocabulary/relators/aut|Sturley, Ruth|Arrowmont Letters|Project Part|1920-03-21|w3cdtf|yes|inferred|Arrowmont School of Arts and Crafts|7p|eng|iso639-2b|code|University of             Tennessee, Knoxville. Libraries|http://id.loc.gov/authorities/names/n87808088|From Pi Beta Phi to Arrowmont|Project|host|local|Living Conditions.|local|Home visits.|    |    |    |    |[Letter] March 21, 1920, [Gatlinburg, Tennessee to] family|3.5|http://www.loc.gov/mods/v3|http://www.w3.org/1999/xlink|http://www.w3.org/2001/XMLSchema-instance|http://www.loc.gov/mods/v3 http://www.loc.gov/standards/mods/v3/mods-3-5.xsd|Call on the Camels. Blanche and Mattie Huff visit us. Dinner at the home of the Carrs|text
2020-02-25T04:01:25Z|sturley_133|sturley|Copyright Not             Evaluated|use and reproduction|http://rightsstatements.org/vocab/CNE/1.0/ |personal correspondence|AAT|TU:DLC:Filename:arm03030011000|local|eng|iso639-2b|code|Archives Collection|Collection|Arrowmont School of Arts and Crafts|Repository|Box 3, Folder 3|Detailed Location|Gatlinburg|City|Tennessee|State|https://digital.lib.utk.edu/collections/islandora/object/sturley%3A133|object in context|primary display|https://digital.lib.utk.edu/collections/islandora/object/sturley%3A133/datastream/TN/view|preview|Author|marcrelator|http://id.loc.gov/vocabulary/relators/aut|Sturley, Ruth|Arrowmont Letters|Project Part|1919-11-02|w3cdtf|yes|inferred|Arrowmont School of Arts and Crafts|10p|eng|iso639-2b|code|University of             Tennessee, Knoxville. Libraries|http://id.loc.gov/authorities/names/n87808088|From Pi Beta Phi to Arrowmont|Project|host|local|Living Conditions.|local|Community programs.|local|Extracurricular activities.|local|Holidays.|[Letter] Nov. 2, 1919, [Gatlinburg, Tennessee to] family|3.5|http://www.loc.gov/mods/v3|http://www.w3.org/1999/xlink|http://www.w3.org/2001/XMLSchema-instance|http://www.loc.gov/mods/v3 http://www.loc.gov/standards/mods/v3/mods-3-5.xsd|Halloween affair at school for community - Visit to Round Top - Miss Langmaid (Chairman of the Settlement School Committee) arrives for visit|text
2020-02-25T04:01:25Z|sturley_330|sturley|Copyright Not             Evaluated|use and reproduction|http://rightsstatements.org/vocab/CNE/1.0/ |personal correspondence|AAT|TU:DLC:Filename:arm03020012000|local|eng|iso639-2b|code|Archives Collection|Collection|Arrowmont School of Arts and Crafts|Repository|Box 3, Folder 2|Detailed Location|Gatlinburg|City|Tennessee|State|https://digital.lib.utk.edu/collections/islandora/object/sturley%3A330|object in context|primary display|https://digital.lib.utk.edu/collections/islandora/object/sturley%3A330/datastream/TN/view|preview|Author|marcrelator|http://id.loc.gov/vocabulary/relators/aut|Sturley, Ruth|Arrowmont Letters|Project Part|1919-09-19|w3cdtf|yes|inferred|Arrowmont School of Arts and Crafts|15p|eng|iso639-2b|code|University of             Tennessee, Knoxville. Libraries|http://id.loc.gov/authorities/names/n87808088|From Pi Beta Phi to Arrowmont|Project|host|local|Living Conditions.|local|Food.|local|Landscape.|local|Mountains.|[Letter] Sept. 19, 1919, [Gatlinburg, Tennessee to] family|3.5|http://www.loc.gov/mods/v3|http://www.w3.org/1999/xlink|http://www.w3.org/2001/XMLSchema-instance|http://www.loc.gov/mods/v3 http://www.loc.gov/standards/mods/v3/mods-3-5.xsd|Weekend trip via Little Pigeon River into Nort Carolina preparing for the school and community fair.|text
2020-02-25T04:01:25Z|sturley_450|sturley|Copyright Not             Evaluated|use and reproduction|http://rightsstatements.org/vocab/CNE/1.0/ |personal correspondence|AAT|TU:DLC:Filename:arm03020006000|local|eng|iso639-2b|code|Archives Collection|Collection|Arrowmont School of Arts and Crafts|Repository|Box 3, Folder 2|Detailed Location|Gatlinburg|City|Tennessee|State|https://digital.lib.utk.edu/collections/islandora/object/sturley%3A450|object in context|primary display|https://digital.lib.utk.edu/collections/islandora/object/sturley%3A450/datastream/TN/view|preview|Author|marcrelator|http://id.loc.gov/vocabulary/relators/aut|Sturley, Ruth|Arrowmont Letters|Project Part|1919-08-29|w3cdtf|yes|inferred|Arrowmont School of Arts and Crafts|15p|eng|iso639-2b|code|University of             Tennessee, Knoxville. Libraries|http://id.loc.gov/authorities/names/n87808088|From Pi Beta Phi to Arrowmont|Project|host|local|Moonshine.|local|Landscape.|local|People.|    |    |[Letter] Aug. 29, 1919, [Gatlinburg, Tennessee to] family|3.5|http://www.loc.gov/mods/v3|http://www.w3.org/1999/xlink|http://www.w3.org/2001/XMLSchema-instance|http://www.loc.gov/mods/v3 http://www.loc.gov/standards/mods/v3/mods-3-5.xsd|Go after a still with deputy sheriff and other teachers -|text
2020-02-25T04:01:25Z|sturley_155|sturley|Copyright Not             Evaluated|use and reproduction|http://rightsstatements.org/vocab/CNE/1.0/ |personal correspondence|AAT|TU:DLC:Filename:arm03030009000|local|eng|iso639-2b|code|Archives Collection|Collection|Arrowmont School of Arts and Crafts|Repository|Box 3, Folder 3|Detailed Location|Gatlinburg|City|Tennessee|State|https://digital.lib.utk.edu/collections/islandora/object/sturley%3A155|object in context|primary display|https://digital.lib.utk.edu/collections/islandora/object/sturley%3A155/datastream/TN/view|preview|Author|marcrelator|http://id.loc.gov/vocabulary/relators/aut|Sturley, Ruth|Arrowmont Letters|Project Part|1919-10-29|w3cdtf|yes|inferred|Arrowmont School of Arts and Crafts|4p|eng|iso639-2b|code|University of             Tennessee, Knoxville. Libraries|http://id.loc.gov/authorities/names/n87808088|From Pi Beta Phi to Arrowmont|Project|host|local|People.|local|Landscape.|local|Baskets.|local|Living conditions.|[Letter] Oct. 29, 1919, [Gatlinburg, Tennessee to] family|3.5|http://www.loc.gov/mods/v3|http://www.w3.org/1999/xlink|http://www.w3.org/2001/XMLSchema-instance|http://www.loc.gov/mods/v3 http://www.loc.gov/standards/mods/v3/mods-3-5.xsd|In Knoxville. Trip to Wear's Valley for baskets. Home again at the burg.|text
2020-02-25T04:01:25Z|sturley_708|sturley|Copyright Not             Evaluated|use and reproduction|http://rightsstatements.org/vocab/CNE/1.0/ |personal correspondence|AAT|TU:DLC:Filename:arm03030022000|local|eng|iso639-2b|code|Archives Collection|Collection|Arrowmont School of Arts and Crafts|Repository|Box 3, Folder 3|Detailed Location|Gatlinburg|City|Tennessee|State|https://digital.lib.utk.edu/collections/islandora/object/sturley%3A708|object in context|primary display|https://digital.lib.utk.edu/collections/islandora/object/sturley%3A708/datastream/TN/view|preview|Author|marcrelator|http://id.loc.gov/vocabulary/relators/aut|Sturley, Ruth|Arrowmont Letters|Project Part|1919-11-26|w3cdtf|yes|inferred|Arrowmont School of Arts and Crafts|7p|eng|iso639-2b|code|University of             Tennessee, Knoxville. Libraries|http://id.loc.gov/authorities/names/n87808088|From Pi Beta Phi to Arrowmont|Project|host|local|Living Conditions.|local|Holidays.|local|People.|local|Food.|[Letter] Nov. 26, 1919, [Gatlinburg, Tennessee to] family|3.5|http://www.loc.gov/mods/v3|http://www.w3.org/1999/xlink|http://www.w3.org/2001/XMLSchema-instance|http://www.loc.gov/mods/v3 http://www.loc.gov/standards/mods/v3/mods-3-5.xsd|Preparations for Thanksgiving at the house and the school - Program successful - Ten at Thanksgiving dinner - Miss Langmaid still with us|text
2020-02-25T04:01:25Z|sturley_606|sturley|Copyright Not             Evaluated|use and reproduction|http://rightsstatements.org/vocab/CNE/1.0/ |personal correspondence|AAT|TU:DLC:Filename:arm03040008000|local|eng|iso639-2b|code|Archives Collection|Collection|Arrowmont School of Arts and Crafts|Repository|Box 3, Folder 4|Detailed Location|Gatlinburg|City|Tennessee|State|https://digital.lib.utk.edu/collections/islandora/object/sturley%3A606|object in context|primary display|https://digital.lib.utk.edu/collections/islandora/object/sturley%3A606/datastream/TN/view|preview|Author|marcrelator|http://id.loc.gov/vocabulary/relators/aut|Sturley, Ruth|Arrowmont Letters|Project Part|1920-02-22|w3cdtf|yes|inferred|Arrowmont School of Arts and Crafts|7p|eng|iso639-2b|code|University of             Tennessee, Knoxville. Libraries|http://id.loc.gov/authorities/names/n87808088|From Pi Beta Phi to Arrowmont|Project|host|local|Living Conditions.|local|Efficiency.|local|People.|local|Social life.|[Letter] Feb. 22, 1920, [Gatlinburg, Tennessee to] family|3.5|http://www.loc.gov/mods/v3|http://www.w3.org/1999/xlink|http://www.w3.org/2001/XMLSchema-instance|http://www.loc.gov/mods/v3 http://www.loc.gov/standards/mods/v3/mods-3-5.xsd|Sending a telegram from Gatlinburg|text
2020-02-25T04:01:25Z|sturley_144|sturley|Copyright Not             Evaluated|use and reproduction|http://rightsstatements.org/vocab/CNE/1.0/ |personal correspondence|AAT|TU:DLC:Filename:arm03030010000|local|eng|iso639-2b|code|Archives Collection|Collection|Arrowmont School of Arts and Crafts|Repository|Box 3, Folder 3|Detailed Location|Gatlinburg|City|Tennessee|State|https://digital.lib.utk.edu/collections/islandora/object/sturley%3A144|object in context|primary display|https://digital.lib.utk.edu/collections/islandora/object/sturley%3A144/datastream/TN/view|preview|Author|marcrelator|http://id.loc.gov/vocabulary/relators/aut|Sturley, Ruth|Arrowmont Letters|Project Part|1919-10-30|w3cdtf|yes|inferred|Arrowmont School of Arts and Crafts|10p|eng|iso639-2b|code|University of             Tennessee, Knoxville. Libraries|http://id.loc.gov/authorities/names/n87808088|From Pi Beta Phi to Arrowmont|Project|host|local|Living Conditions.|local|Social life.|local|School programs.|local|Baskets.|[Letter] Oct. 30, 1919, [Gatlinburg, Tennessee to] Tacoma Alumnae Club|3.5|http://www.loc.gov/mods/v3|http://www.w3.org/1999/xlink|http://www.w3.org/2001/XMLSchema-instance|http://www.loc.gov/mods/v3 http://www.loc.gov/standards/mods/v3/mods-3-5.xsd|Letter to Tacoma alumnae (Inez Smith Soule Alumnae Club - Mr. Cresswell and Mrs. Proffitt move from Maple Cottage to the Stewart Cottage Boys' dormitory|text
2020-02-25T04:01:25Z|sturley_523|sturley|Copyright Not             Evaluated|use and reproduction|http://rightsstatements.org/vocab/CNE/1.0/ |personal correspondence|AAT|TU:DLC:Filename:arm03020002000|local|eng|iso639-2b|code|Archives Collection|Collection|Arrowmont School of Arts and Crafts|Repository|Box 3, Folder 2|Detailed Location|Gatlinburg|City|Tennessee|State|https://digital.lib.utk.edu/collections/islandora/object/sturley%3A523|object in context|primary display|https://digital.lib.utk.edu/collections/islandora/object/sturley%3A523/datastream/TN/view|preview|Author|marcrelator|http://id.loc.gov/vocabulary/relators/aut|Sturley, Ruth|Arrowmont Letters|Project Part|1919-08-08|w3cdtf|yes|inferred|Arrowmont School of Arts and Crafts|17p|eng|iso639-2b|code|University of             Tennessee, Knoxville. Libraries|http://id.loc.gov/authorities/names/n87808088|From Pi Beta Phi to Arrowmont|Project|host|local|Revivals.|local|People.|local|Schools.|local|Living conditions.|[Letter] Aug. 8, 1919, [Gatlinburg, Tennessee to] family|3.5|http://www.loc.gov/mods/v3|http://www.w3.org/1999/xlink|http://www.w3.org/2001/XMLSchema-instance|http://www.loc.gov/mods/v3 http://www.loc.gov/standards/mods/v3/mods-3-5.xsd|Organization of school, Girls' dormitory, Revival meetings|text
2020-02-25T04:01:25Z|sturley_420|sturley|Copyright Not             Evaluated|use and reproduction|http://rightsstatements.org/vocab/CNE/1.0/ |personal correspondence|AAT|TU:DLC:Filename:arm03020007000|local|eng|iso639-2b|code|Archives Collection|Collection|Arrowmont School of Arts and Crafts|Repository|Box 3, Folder 2|Detailed Location|Gatlinburg|City|Tennessee|State|https://digital.lib.utk.edu/collections/islandora/object/sturley%3A420|object in context|primary display|https://digital.lib.utk.edu/collections/islandora/object/sturley%3A420/datastream/TN/view|preview|Author|marcrelator|http://id.loc.gov/vocabulary/relators/aut|Sturley, Ruth|Arrowmont Letters|Project Part|1919-09-04|w3cdtf|yes|inferred|Arrowmont School of Arts and Crafts|21p|eng|iso639-2b|code|University of             Tennessee, Knoxville. Libraries|http://id.loc.gov/authorities/names/n87808088|From Pi Beta Phi to Arrowmont|Project|host|local|Living Conditions.|local|Community.|local|Landscape.|local|People.|[Letter] Sep. 04, 1919, [Gatlinburg, Tennessee to] family|3.5|http://www.loc.gov/mods/v3|http://www.w3.org/1999/xlink|http://www.w3.org/2001/XMLSchema-instance|http://www.loc.gov/mods/v3 http://www.loc.gov/standards/mods/v3/mods-3-5.xsd|The general store belonging to Charlie Ogle, County Institute in Sevierville, Visit at the Clabos, Miss Turner arrives for 10 day visit - she who suggested the school to honor our Founders.|text
2020-02-25T04:01:25Z|sturley_181|sturley|Copyright Not             Evaluated|use and reproduction|http://rightsstatements.org/vocab/CNE/1.0/ |personal correspondence|AAT|TU:DLC:Filename:arm03030005000|local|eng|iso639-2b|code|Archives Collection|Collection|Arrowmont School of Arts and Crafts|Repository|Box 3, Folder 3|Detailed Location|Gatlinburg|City|Tennessee|State|https://digital.lib.utk.edu/collections/islandora/object/sturley%3A181|object in context|primary display|https://digital.lib.utk.edu/collections/islandora/object/sturley%3A181/datastream/TN/view|preview|Author|marcrelator|http://id.loc.gov/vocabulary/relators/aut|Sturley, Ruth|Arrowmont Letters|Project Part|1919-10-20|w3cdtf|yes|inferred|Arrowmont School of Arts and Crafts|5p|eng|iso639-2b|code|University of             Tennessee, Knoxville. Libraries|http://id.loc.gov/authorities/names/n87808088|From Pi Beta Phi to Arrowmont|Project|host|local|Living Conditions.|local|People.|local|Social life.|    |    |[Letter] Oct. 20, 1919, [Gatlinburg, Tennessee to] family|3.5|http://www.loc.gov/mods/v3|http://www.w3.org/1999/xlink|http://www.w3.org/2001/XMLSchema-instance|http://www.loc.gov/mods/v3 http://www.loc.gov/standards/mods/v3/mods-3-5.xsd|Aunt Lydia Whaley. Her cabin.|text
2020-02-25T04:01:25Z|sturley_541|sturley|Copyright Not             Evaluated|use and reproduction|http://rightsstatements.org/vocab/CNE/1.0/ |personal correspondence|AAT|TU:DLC:Filename:arm03020001000|local|eng|iso639-2b|code|Archives Collection|Collection|Arrowmont School of Arts and                 Crafts|Repository|Box 3, Folder 2|Detailed Location|Gatlinburg|City|Tennessee|State|https://digital.lib.utk.edu/collections/islandora/object/sturley%3A541|object in context|primary display|https://digital.lib.utk.edu/collections/islandora/object/sturley%3A541/datastream/TN/view|preview|Author|marcrelator|http://id.loc.gov/vocabulary/relators/aut|Sturley, Ruth|Arrowmont Letters|Project Part|1919-08-03|w3cdtf|yes|inferred|Arrowmont School of Arts and Crafts|25p|eng|iso639-2b|code|University of             Tennessee, Knoxville. Libraries|http://id.loc.gov/authorities/names/n87808088|From Pi Beta Phi to Arrowmont|Project|host|local|Living Conditions.|local|Social life.|local|People.|local|Home visits.|[Letter] Aug. 3, 1919, [Gatlinburg, Tennessee to] family|3.5|http://www.loc.gov/mods/v3|http://www.w3.org/1999/xlink|http://www.w3.org/2001/XMLSchema-instance|http://www.loc.gov/mods/v3 http://www.loc.gov/standards/mods/v3/mods-3-5.xsd|Arrival at Knoxville- train to Sevierville and eventually to Gatlinburg. First             experience calling on a mountain family|text
2020-02-25T04:01:25Z|sturley_398|sturley|Copyright Not             Evaluated|use and reproduction|http://rightsstatements.org/vocab/CNE/1.0/ |personal correspondence|AAT|TU:DLC:Filename:arm03020008000|local|eng|iso639-2b|code|Archives Collection|Collection|Arrowmont School of Arts and Crafts|Repository|Box 3, Folder 2|Detailed Location|Gatlinburg|City|Tennessee|State|https://digital.lib.utk.edu/collections/islandora/object/sturley%3A398|object in context|primary display|https://digital.lib.utk.edu/collections/islandora/object/sturley%3A398/datastream/TN/view|preview|Author|marcrelator|http://id.loc.gov/vocabulary/relators/aut|Sturley, Ruth|Arrowmont Letters|Project Part|1919-09-06|w3cdtf|yes|inferred|Arrowmont School of Arts and Crafts|10p|eng|iso639-2b|code|University of             Tennessee, Knoxville. Libraries|http://id.loc.gov/authorities/names/n87808088|From Pi Beta Phi to Arrowmont|Project|host|local|Social life.|local|School activities.|local|Enrollment.|local|Moonshine.|[Letter] Sept. 6, 1919, [Gatlinburg, Tennessee to] Pi Phi Alumnae Club, Tacoma, WA|3.5|http://www.loc.gov/mods/v3|http://www.w3.org/1999/xlink|http://www.w3.org/2001/XMLSchema-instance|http://www.loc.gov/mods/v3 http://www.loc.gov/standards/mods/v3/mods-3-5.xsd|More about the school - Boys' dormitory - Plans for first fair at the school - Trip after a still.|text
2020-02-25T04:01:25Z|sturley_250|sturley|Copyright Not             Evaluated|use and reproduction|http://rightsstatements.org/vocab/CNE/1.0/ |personal correspondence|AAT|TU:DLC:Filename:arm03040019000|local|eng|iso639-2b|code|Archives Collection|Collection|Arrowmont School of Arts and Crafts|Repository|Box 3, Folder 4|Detailed Location|Gatlinburg|City|Tennessee|State|https://digital.lib.utk.edu/collections/islandora/object/sturley%3A250|object in context|primary display|https://digital.lib.utk.edu/collections/islandora/object/sturley%3A250/datastream/TN/view|preview|Author|marcrelator|http://id.loc.gov/vocabulary/relators/aut|Sturley, Ruth|Arrowmont Letters|Project Part|1920-03-31|w3cdtf|yes|inferred|Arrowmont School of Arts and Crafts|7p|eng|iso639-2b|code|University of             Tennessee, Knoxville. Libraries|http://id.loc.gov/authorities/names/n87808088|From Pi Beta Phi to Arrowmont|Project|host|local|Living Conditions.|local|Home visits.|local|People.|    |    |[Letter] March 31, 1920, [Gatlinburg, Tennessee to] family|3.5|http://www.loc.gov/mods/v3|http://www.w3.org/1999/xlink|http://www.w3.org/2001/XMLSchema-instance|http://www.loc.gov/mods/v3 http://www.loc.gov/standards/mods/v3/mods-3-5.xsd|Aunt Lizzie and Mrs. Proffitt make the living room comfortable (according to their ideas) - More visiting around before my leaving Tues. April 6th|text
2020-02-25T04:01:25Z|sturley_382|sturley|Copyright Not             Evaluated|use and reproduction|http://rightsstatements.org/vocab/CNE/1.0/ |personal correspondence|AAT|TU:DLC:Filename:arm03020009000|local|eng|iso639-2b|code|Archives Collection|Collection|Arrowmont School of Arts and Crafts|Repository|Box 3, Folder 2|Detailed Location|Gatlinburg|City|Tennessee|State|https://digital.lib.utk.edu/collections/islandora/object/sturley%3A382|object in context|primary display|https://digital.lib.utk.edu/collections/islandora/object/sturley%3A382/datastream/TN/view|preview|Author|marcrelator|http://id.loc.gov/vocabulary/relators/aut|Sturley, Ruth|Arrowmont Letters|Project Part|1919-09-07|w3cdtf|yes|inferred|Arrowmont School of Arts and Crafts|15p|eng|iso639-2b|code|University of             Tennessee, Knoxville. Libraries|http://id.loc.gov/authorities/names/n87808088|From Pi Beta Phi to Arrowmont|Project|host|local|Social life.|local|Feuds.|local|Church.|local|People.|[Letter] Sept. 7, 1919, [Gatlinburg, Tennessee to] family|3.5|http://www.loc.gov/mods/v3|http://www.w3.org/1999/xlink|http://www.w3.org/2001/XMLSchema-instance|http://www.loc.gov/mods/v3 http://www.loc.gov/standards/mods/v3/mods-3-5.xsd|Description of my room in the Teachers' Cottage with diagram - Trouble over Mary and Marshall Ogle - Miss Turner at the hotel - How Sunday is spent -|text
2020-02-25T04:01:25Z|sturley_598|sturley|Copyright Not             Evaluated|use and reproduction|http://rightsstatements.org/vocab/CNE/1.0/ |personal correspondence|AAT|TU:DLC:Filename:arm03040009000|local|eng|iso639-2b|code|Archives Collection|Collection|Arrowmont School of Arts and Crafts|Repository|Box 3, Folder 4|Detailed Location|Gatlinburg|City|Tennessee|State|https://digital.lib.utk.edu/collections/islandora/object/sturley%3A598|object in context|primary display|https://digital.lib.utk.edu/collections/islandora/object/sturley%3A598/datastream/TN/view|preview|Author|marcrelator|http://id.loc.gov/vocabulary/relators/aut|Sturley, Ruth|Arrowmont Letters|Project Part|1920-02-29|w3cdtf|yes|inferred|Arrowmont School of Arts and Crafts|7p|eng|iso639-2b|code|University of             Tennessee, Knoxville. Libraries|http://id.loc.gov/authorities/names/n87808088|From Pi Beta Phi to Arrowmont|Project|host|local|People.|local|Students.|local|Plays.|local|Social life.|[Letter] Feb. 29, 1920, [Gatlinburg, Tennessee to] family|3.5|http://www.loc.gov/mods/v3|http://www.w3.org/1999/xlink|http://www.w3.org/2001/XMLSchema-instance|http://www.loc.gov/mods/v3 http://www.loc.gov/standards/mods/v3/mods-3-5.xsd|Account of the school papers. References to work of the four high school students|text
2020-02-25T04:01:25Z|sturley_170|sturley|Copyright Not             Evaluated|use and reproduction|http://rightsstatements.org/vocab/CNE/1.0/ |personal correspondence|AAT|TU:DLC:Filename:arm03040021000|local|eng|iso639-2b|code|Archives Collection|Collection|Arrowmont School of Arts and Crafts|Repository|Box 3, Folder 4|Detailed Location|Gatlinburg|City|Tennessee|State|https://digital.lib.utk.edu/collections/islandora/object/sturley%3A170|object in context|primary display|https://digital.lib.utk.edu/collections/islandora/object/sturley%3A170/datastream/TN/view|preview|Author|marcrelator|http://id.loc.gov/vocabulary/relators/aut|Sturley, Ruth|Arrowmont Letters|Project Part|1920-04-07|w3cdtf|yes|inferred|Arrowmont School of Arts and Crafts|10p|eng|iso639-2b|code|University of             Tennessee, Knoxville. Libraries|http://id.loc.gov/authorities/names/n87808088|From Pi Beta Phi to Arrowmont|Project|host|local|Living Conditions.|local|Conferences.|local|Health Care.|local|Disease.|[Letter] April 7, 1920, [Gatlinburg, Tennessee to] family|3.5|http://www.loc.gov/mods/v3|http://www.w3.org/1999/xlink|http://www.w3.org/2001/XMLSchema-instance|http://www.loc.gov/mods/v3 http://www.loc.gov/standards/mods/v3/mods-3-5.xsd|In Knoxville with Mr. and Mrs. Bishop to attend Conference. Left Gatlinburg for Sevierville April 6th and stay with Bishops that night. Program of Conference attached - also clippings - Attended this Conference in Knoxville - April 1920|text
2020-02-25T04:01:25Z|sturley_665|sturley|Copyright Not             Evaluated|use and reproduction|http://rightsstatements.org/vocab/CNE/1.0/ |personal correspondence|AAT|TU:DLC:Filename:arm03030028000|local|eng|iso639-2b|code|Archives Collection|Collection|Arrowmont School of Arts and Crafts|Repository|Box 3, Folder 3|Detailed Location|Gatlinburg|City|Tennessee|State|https://digital.lib.utk.edu/collections/islandora/object/sturley%3A665|object in context|primary display|https://digital.lib.utk.edu/collections/islandora/object/sturley%3A665/datastream/TN/view|preview|Author|marcrelator|http://id.loc.gov/vocabulary/relators/aut|Sturley, Ruth|Arrowmont Letters|Project Part|1919-12-18|w3cdtf|yes|inferred|Arrowmont School of Arts and Crafts|10p|eng|iso639-2b|code|University of             Tennessee, Knoxville. Libraries|http://id.loc.gov/authorities/names/n87808088|From Pi Beta Phi to Arrowmont|Project|host|local|Living conditions.|local|Holidays.|local|People.|local|Home visits.|[Letter] Dec. 18, 1920, [Gatlinburg, Tennessee to] family|3.5|http://www.loc.gov/mods/v3|http://www.w3.org/1999/xlink|http://www.w3.org/2001/XMLSchema-instance|http://www.loc.gov/mods/v3 http://www.loc.gov/standards/mods/v3/mods-3-5.xsd|Preparations for Christmas and Christmas Program at School|text
2020-02-25T04:01:25Z|sturley_125|sturley|Copyright Not             Evaluated|use and reproduction|http://rightsstatements.org/vocab/CNE/1.0/ |personal correspondence|AAT|TU:DLC:Filename:arm03030012000|local|eng|iso639-2b|code|Archives Collection|Collection|Arrowmont School of Arts and Crafts|Repository|Box 3, Folder 3|Detailed Location|Gatlinburg|City|Tennessee|State|https://digital.lib.utk.edu/collections/islandora/object/sturley%3A125|object in context|primary display|https://digital.lib.utk.edu/collections/islandora/object/sturley%3A125/datastream/TN/view|preview|Author|marcrelator|http://id.loc.gov/vocabulary/relators/aut|Sturley, Ruth|Arrowmont Letters|Project Part|1919-11-04|w3cdtf|yes|inferred|Arrowmont School of Arts and Crafts|7p|eng|iso639-2b|code|University of             Tennessee, Knoxville. Libraries|http://id.loc.gov/authorities/names/n87808088|From Pi Beta Phi to Arrowmont|Project|host|local|Living Conditions.|local|Holiday.|local|People.|local|Hiking.|[Letter] Nov. 4, 1919, [Gatlinburg, Tennessee to] family|3.5|http://www.loc.gov/mods/v3|http://www.w3.org/1999/xlink|http://www.w3.org/2001/XMLSchema-instance|http://www.loc.gov/mods/v3 http://www.loc.gov/standards/mods/v3/mods-3-5.xsd|Community Halloween Party in the school - Visit over night at the Reagan's - Trip to Round Top|text
2020-02-25T04:01:25Z|sturley_635|sturley|Copyright Not             Evaluated|use and reproduction|http://rightsstatements.org/vocab/CNE/1.0/ |personal correspondence|AAT|TU:DLC:Filename:arm03040003000|local|eng|iso639-2b|code|Archives Collection|Collection|Arrowmont School of Arts and Crafts|Repository|Box 3, Folder 4|Detailed Location|Gatlinburg|City|Tennessee|State|https://digital.lib.utk.edu/collections/islandora/object/sturley%3A635|object in context|primary display|https://digital.lib.utk.edu/collections/islandora/object/sturley%3A635/datastream/TN/view|preview|Author|marcrelator|http://id.loc.gov/vocabulary/relators/aut|Sturley, Ruth|Arrowmont Letters|Project Part|1920-02-01|w3cdtf|yes|inferred|Arrowmont School of Arts and Crafts|6p|eng|iso639-2b|code|University of             Tennessee, Knoxville. Libraries|http://id.loc.gov/authorities/names/n87808088|From Pi Beta Phi to Arrowmont|Project|host|local|Living Conditions.|local|Electricity.|local|Social events.|    |    |[Letter] Feb. 1, 1920, [Gatlinburg, Tennessee to] family|3.5|http://www.loc.gov/mods/v3|http://www.w3.org/1999/xlink|http://www.w3.org/2001/XMLSchema-instance|http://www.loc.gov/mods/v3 http://www.loc.gov/standards/mods/v3/mods-3-5.xsd|Aunt Lydia Whaley and her willows for baskets - Men from Delco Light System visit us to make estimate|text
2020-02-25T04:01:25Z|sturley_499|sturley|Copyright Not             Evaluated|use and reproduction|http://rightsstatements.org/vocab/CNE/1.0/ |personal correspondence|AAT|TU:DLC:Filename:arm03020003000|local|eng|iso639-2b|code|Archives Collection|Collection|Arrowmont School of Arts and Crafts|Repository|Box 3, Folder 2|Detailed Location|Gatlinburg|City|Tennessee|State|https://digital.lib.utk.edu/collections/islandora/object/sturley%3A499|object in context|primary display|https://digital.lib.utk.edu/collections/islandora/object/sturley%3A499/datastream/TN/view|preview|Author|marcrelator|http://id.loc.gov/vocabulary/relators/aut|Sturley, Ruth|Arrowmont Letters|Project Part|1919-08-18|w3cdtf|yes|inferred|Arrowmont School of Arts and Crafts|22p|eng|iso639-2b|code|University of             Tennessee, Knoxville. Libraries|http://id.loc.gov/authorities/names/n87808088|From Pi Beta Phi to Arrowmont|Project|host|local|Living Conditions.|local|Families.|local|Landscape.|local|Food.|[Letter] Aug. 18, 1919, [Gatlinburg, Tennessee to] family|3.5|http://www.loc.gov/mods/v3|http://www.w3.org/1999/xlink|http://www.w3.org/2001/XMLSchema-instance|http://www.loc.gov/mods/v3 http://www.loc.gov/standards/mods/v3/mods-3-5.xsd|Call on Aunt Lydia and the Tom Camels - All day hike with the Camelsand their hounds -|text
2020-02-25T04:01:25Z|sturley_703|sturley|Copyright Not             Evaluated|use and reproduction|http://rightsstatements.org/vocab/CNE/1.0/ |personal correspondence|AAT|TU:DLC:Filename:arm03030023000|local|eng|iso639-2b|code|Archives Collection|Collection|Arrowmont School of Arts and Crafts|Repository|Box 3, Folder 3|Detailed Location|Gatlinburg|City|Tennessee|State|https://digital.lib.utk.edu/collections/islandora/object/sturley%3A703|object in context|primary display|https://digital.lib.utk.edu/collections/islandora/object/sturley%3A703/datastream/TN/view|preview|Author|marcrelator|http://id.loc.gov/vocabulary/relators/aut|Sturley, Ruth|Arrowmont Letters|Project Part|1919-11-30|w3cdtf|yes|inferred|Arrowmont School of Arts and Crafts|4p|eng|iso639-2b|code|University of             Tennessee, Knoxville. Libraries|http://id.loc.gov/authorities/names/n87808088|From Pi Beta Phi to Arrowmont|Project|host|local|Home visits.|local|Living conditions.|local|People.|local|Holidays.|[Letter] Nov. 30, 1919, [Gatlinburg, Tennessee to] family|3.5|http://www.loc.gov/mods/v3|http://www.w3.org/1999/xlink|http://www.w3.org/2001/XMLSchema-instance|http://www.loc.gov/mods/v3 http://www.loc.gov/standards/mods/v3/mods-3-5.xsd|All night at the Huffs - Plans for Christmas and usual routines|text
2020-02-25T04:01:25Z|sturley_729|sturley|Copyright Not             Evaluated|use and reproduction|http://rightsstatements.org/vocab/CNE/1.0/ |personal correspondence|AAT|TU:DLC:Filename:arm03030019000|local|eng|iso639-2b|code|Archives Collection|Collection|Arrowmont School of Arts and Crafts|Repository|Box 3, Folder 3|Detailed Location|Gatlinburg|City|Tennessee|State|https://digital.lib.utk.edu/collections/islandora/object/sturley%3A729|object in context|primary display|https://digital.lib.utk.edu/collections/islandora/object/sturley%3A729/datastream/TN/view|preview|Author|marcrelator|http://id.loc.gov/vocabulary/relators/aut|Sturley, Ruth|Arrowmont Letters|Project Part|1919-11-20|w3cdtf|yes|inferred|Arrowmont School of Arts and Crafts|7p|eng|iso639-2b|code|University of             Tennessee, Knoxville. Libraries|http://id.loc.gov/authorities/names/n87808088|From Pi Beta Phi to Arrowmont|Project|host|local|People.|local|Home visits.|local|Living conditions.|    |    |[Letter] Nov. 20, 1919, [Gatlinburg, Tennessee to] family|3.5|http://www.loc.gov/mods/v3|http://www.w3.org/1999/xlink|http://www.w3.org/2001/XMLSchema-instance|http://www.loc.gov/mods/v3 http://www.loc.gov/standards/mods/v3/mods-3-5.xsd|A busy life for us all|text
2020-02-25T04:01:25Z|sturley_374|sturley|Copyright Not             Evaluated|use and reproduction|http://rightsstatements.org/vocab/CNE/1.0/ |personal correspondence|AAT|TU:DLC:Filename:arm03040017000|local|eng|iso639-2b|code|Archives Collection|Collection|Arrowmont School of Arts and Crafts|Repository|Box 3, Folder 4|Detailed Location|Gatlinburg|City|Tennessee|State|https://digital.lib.utk.edu/collections/islandora/object/sturley%3A374|object in context|primary display|https://digital.lib.utk.edu/collections/islandora/object/sturley%3A374/datastream/TN/view|preview|Author|marcrelator|http://id.loc.gov/vocabulary/relators/aut|Sturley, Ruth|Arrowmont Letters|Project Part|1920-03-25|w3cdtf|yes|inferred|Arrowmont School of Arts and Crafts|9p|eng|iso639-2b|code|University of             Tennessee, Knoxville. Libraries|http://id.loc.gov/authorities/names/n87808088|From Pi Beta Phi to Arrowmont|Project|host|local|Living conditions.|local|Disease.|local|Food.|    |    |[Letter] Mar. 25, 1920, [Gatlinburg, Tennessee to] family|3.5|http://www.loc.gov/mods/v3|http://www.w3.org/1999/xlink|http://www.w3.org/2001/XMLSchema-instance|http://www.loc.gov/mods/v3 http://www.loc.gov/standards/mods/v3/mods-3-5.xsd|Smallpox scare. School closes sooner than planned with program.|text
2020-02-25T04:01:25Z|sturley_494|sturley|Copyright Not             Evaluated|use and reproduction|http://rightsstatements.org/vocab/CNE/1.0/ |personal correspondence|AAT|TU:DLC:Filename:arm03040015000|local|eng|iso639-2b|code|Archives Collection|Collection|Arrowmont School of Arts and Crafts|Repository|Box 3, Folder 4|Detailed Location|Gatlinburg|City|Tennessee|State|https://digital.lib.utk.edu/collections/islandora/object/sturley%3A494|object in context|primary display|https://digital.lib.utk.edu/collections/islandora/object/sturley%3A494/datastream/TN/view|preview|Author|marcrelator|http://id.loc.gov/vocabulary/relators/aut|Sturley, Ruth|Arrowmont Letters|Project Part|1920-03-17|w3cdtf|yes|inferred|Arrowmont School of Arts and Crafts|4p|eng|iso639-2b|code|University of             Tennessee, Knoxville. Libraries|http://id.loc.gov/authorities/names/n87808088|From Pi Beta Phi to Arrowmont|Project|host|local|Diet.|local|Food.|local|Plays.|local|Home visits.|[Letter] Mar. 17, 1920, [Gatlinburg, Tennessee to] family|3.5|http://www.loc.gov/mods/v3|http://www.w3.org/1999/xlink|http://www.w3.org/2001/XMLSchema-instance|http://www.loc.gov/mods/v3 http://www.loc.gov/standards/mods/v3/mods-3-5.xsd|More calls and spend the night with Josie Trentham and her mother.|text
2020-02-25T04:01:25Z|sturley_586|sturley|Copyright Not             Evaluated|use and reproduction|http://rightsstatements.org/vocab/CNE/1.0/ |personal correspondence|AAT|TU:DLC:Filename:arm03040011000|local|eng|iso639-2b|code|Archives Collection|Collection|Arrowmont School of Arts and Crafts|Repository|Box 3, Folder 4|Detailed Location|Gatlinburg|City|Tennessee|State|https://digital.lib.utk.edu/collections/islandora/object/sturley%3A586|object in context|primary display|https://digital.lib.utk.edu/collections/islandora/object/sturley%3A586/datastream/TN/view|preview|Author|marcrelator|http://id.loc.gov/vocabulary/relators/aut|Sturley, Ruth|Arrowmont Letters|Project Part|1920-03-07|w3cdtf|yes|inferred|Arrowmont School of Arts and Crafts|4p|eng|iso639-2b|code|University of             Tennessee, Knoxville. Libraries|http://id.loc.gov/authorities/names/n87808088|From Pi Beta Phi to Arrowmont|Project|host|local|Living Conditions.|local|People.|local|Social life.|local|Church.|[Letter] March 7, 1920, [Gatlinburg, Tennessee to] family|3.5|http://www.loc.gov/mods/v3|http://www.w3.org/1999/xlink|http://www.w3.org/2001/XMLSchema-instance|http://www.loc.gov/mods/v3 http://www.loc.gov/standards/mods/v3/mods-3-5.xsd|Boys' dormitory comes to an end|text
2020-02-25T04:01:25Z|sturley_642|sturley|Copyright Not             Evaluated|use and reproduction|http://rightsstatements.org/vocab/CNE/1.0/ |personal correspondence|AAT|TU:DLC:Filename:arm03040002000|local|eng|iso639-2b|code|Archives Collection|Collection|Arrowmont School of Arts and Crafts|Repository|Box 3, Folder 4|Detailed Location|Gatlinburg|City|Tennessee|State|https://digital.lib.utk.edu/collections/islandora/object/sturley%3A642|object in context|primary display|https://digital.lib.utk.edu/collections/islandora/object/sturley%3A642/datastream/TN/view|preview|Author|marcrelator|http://id.loc.gov/vocabulary/relators/aut|Sturley, Ruth|Arrowmont Letters|Project Part|1920-01-19|w3cdtf|yes|inferred|Arrowmont School of Arts and Crafts|7p|eng|iso639-2b|code|University of             Tennessee, Knoxville. Libraries|http://id.loc.gov/authorities/names/n87808088|From Pi Beta Phi to Arrowmont|Project|host|local|Living Conditions.|local|Home visits.|local|Social life.|local|People.|[Letter] Jan. 19, 1920, [Gatlinburg, Tennessee to] family|3.5|http://www.loc.gov/mods/v3|http://www.w3.org/1999/xlink|http://www.w3.org/2001/XMLSchema-instance|http://www.loc.gov/mods/v3 http://www.loc.gov/standards/mods/v3/mods-3-5.xsd|Visits at various mountain homes|text
2020-02-25T04:01:25Z|sturley_622|sturley|Copyright Not             Evaluated|use and reproduction|http://rightsstatements.org/vocab/CNE/1.0/ |personal correspondence|AAT|TU:DLC:Filename:arm03040006000|local|eng|iso639-2b|code|Archives Collection|Collection|Arrowmont School of Arts and Crafts|Repository|Box 3, Folder 4|Detailed Location|Gatlinburg|City|Tennessee|State|https://digital.lib.utk.edu/collections/islandora/object/sturley%3A622|object in context|primary display|https://digital.lib.utk.edu/collections/islandora/object/sturley%3A622/datastream/TN/view|preview|Author|marcrelator|http://id.loc.gov/vocabulary/relators/aut|Sturley, Ruth|Arrowmont Letters|Project Part|1920-02-08|w3cdtf|yes|inferred|Arrowmont School of Arts and Crafts|4p|eng|iso639-2b|code|University of             Tennessee, Knoxville. Libraries|http://id.loc.gov/authorities/names/n87808088|From Pi Beta Phi to Arrowmont|Project|host|local|Living conditions.|local|People.|local|Social life.|local|Influenza.|[Letter] Feb. 8, 1920, [Gatlinburg, Tennessee to] family|3.5|http://www.loc.gov/mods/v3|http://www.w3.org/1999/xlink|http://www.w3.org/2001/XMLSchema-instance|http://www.loc.gov/mods/v3 http://www.loc.gov/standards/mods/v3/mods-3-5.xsd|Harrison and family ill with flu - Condition of their home -|text
2020-02-25T04:01:25Z|sturley_346|sturley|Copyright Not             Evaluated|use and reproduction|http://rightsstatements.org/vocab/CNE/1.0/ |personal correspondence|AAT|TU:DLC:Filename:arm03020011000|local|eng|iso639-2b|code|Archives Collection|Collection|Arrowmont School of Arts and Crafts|Repository|Box 3, Folder 2|Detailed Location|Gatlinburg|City|Tennessee|State|https://digital.lib.utk.edu/collections/islandora/object/sturley%3A346|object in context|primary display|https://digital.lib.utk.edu/collections/islandora/object/sturley%3A346/datastream/TN/view|preview|Author|marcrelator|http://id.loc.gov/vocabulary/relators/aut|Sturley, Ruth|Arrowmont Letters|Project Part|1919-09-17|w3cdtf|yes|inferred|Arrowmont School of Arts and Crafts|9p|eng|iso639-2b|code|University of             Tennessee, Knoxville. Libraries|http://id.loc.gov/authorities/names/n87808088|From Pi Beta Phi to Arrowmont|Project|host|local|People.|local|Girls.|local|Activities.|local|Social life.|[Letter] Sept. 17, 1919, [Gatlinburg, Tennessee to] family|3.5|http://www.loc.gov/mods/v3|http://www.w3.org/1999/xlink|http://www.w3.org/2001/XMLSchema-instance|http://www.loc.gov/mods/v3 http://www.loc.gov/standards/mods/v3/mods-3-5.xsd|Sunbonnet drill for the fair. Plans for a week end trip over the Smokies into No. Carolina. Troubles of our handy  man and his wife|text
2020-02-25T04:01:25Z|sturley_480|sturley|Copyright Not             Evaluated|use and reproduction|http://rightsstatements.org/vocab/CNE/1.0/ |personal correspondence|AAT|TU:DLC:Filename:arm03020004000|local|eng|iso639-2b|code|Archives Collection|Collection|Arrowmont School of Arts and Crafts|Repository|Box 3, Folder 2|Detailed Location|Gatlinburg|City|Tennessee|State|https://digital.lib.utk.edu/collections/islandora/object/sturley%3A480|object in context|primary display|https://digital.lib.utk.edu/collections/islandora/object/sturley%3A480/datastream/TN/view|preview|Author|marcrelator|http://id.loc.gov/vocabulary/relators/aut|Sturley, Ruth|Arrowmont Letters|Project Part|1919-08-20|w3cdtf|yes|inferred|Arrowmont School of Arts and Crafts|13p|eng|iso639-2b|code|University of             Tennessee, Knoxville. Libraries|http://id.loc.gov/authorities/names/n87808088|From Pi Beta Phi to Arrowmont|Project|host|local|Living Conditions.|local|Singing.|local|Education.|local|People.|[Letter] Aug. 20, 1919, [Gatlinburg, Tennessee to] family|3.5|http://www.loc.gov/mods/v3|http://www.w3.org/1999/xlink|http://www.w3.org/2001/XMLSchema-instance|http://www.loc.gov/mods/v3 http://www.loc.gov/standards/mods/v3/mods-3-5.xsd|Mrs. Helmick's visit. Man teacher Mr. Cresswell arrives - Picnic for schoolgirls -|text
2020-02-25T04:01:25Z|sturley_258|sturley|Copyright Not             Evaluated|use and reproduction|http://rightsstatements.org/vocab/CNE/1.0/ |personal correspondence|AAT|TU:DLC:Filename:arm03020015000|local|eng|iso639-2b|code|Archives Collection|Collection|Arrowmont School of Arts and Crafts|Repository|Box 3, Folder 2|Detailed Location|Gatlinburg|City|Tennessee|State|https://digital.lib.utk.edu/collections/islandora/object/sturley%3A258|object in context|primary display|https://digital.lib.utk.edu/collections/islandora/object/sturley%3A258/datastream/TN/view|preview|Author|marcrelator|http://id.loc.gov/vocabulary/relators/aut|Sturley, Ruth|Arrowmont Letters|Project Part|1919-10-05|w3cdtf|yes|inferred|Arrowmont School of Arts and Crafts|17p|eng|iso639-2b|code|University of             Tennessee, Knoxville. Libraries|http://id.loc.gov/authorities/names/n87808088|From Pi Beta Phi to Arrowmont|Project|host|local|Social life.|local|People.|local|Schools.|local|Fairs.|[Letter] Oct. 05, 1919, [Gatlinburg, Tennessee to] family|3.5|http://www.loc.gov/mods/v3|http://www.w3.org/1999/xlink|http://www.w3.org/2001/XMLSchema-instance|http://www.loc.gov/mods/v3 http://www.loc.gov/standards/mods/v3/mods-3-5.xsd|Fair at Sevierville, At the McCarters' to see molasses made -|text
2020-02-25T04:01:25Z|sturley_228|sturley|Copyright Not             Evaluated|use and reproduction|http://rightsstatements.org/vocab/CNE/1.0/ |personal correspondence|AAT|TU:DLC:Filename:arm03030001000|local|eng|iso639-2b|code|Archives Collection|Collection|Arrowmont School of Arts and Crafts|Repository|Box 3, Folder 3|Detailed Location|Gatlinburg|City|Tennessee|State|https://digital.lib.utk.edu/collections/islandora/object/sturley%3A228|object in context|primary display|https://digital.lib.utk.edu/collections/islandora/object/sturley%3A228/datastream/TN/view|preview|Author|marcrelator|http://id.loc.gov/vocabulary/relators/aut|Sturley, Ruth|Arrowmont Letters|Project Part|1919-10-08|w3cdtf|yes|inferred|Arrowmont School of Arts and Crafts|5p|eng|iso639-2b|code|University of             Tennessee, Knoxville. Libraries|http://id.loc.gov/authorities/names/n87808088|From Pi Beta Phi to Arrowmont|Project|host|local|Living Conditions.|local|People.|local|School programs.|    |    |[Letter] Oct. 08, 1919, [Gatlinburg, Tennessee to] family|3.5|http://www.loc.gov/mods/v3|http://www.w3.org/1999/xlink|http://www.w3.org/2001/XMLSchema-instance|http://www.loc.gov/mods/v3 http://www.loc.gov/standards/mods/v3/mods-3-5.xsd|Plans to visit Elkmont. Estel Huff takes us to Pigeon Ford and back in the Huff Ford. The four high school students plan their share of the Thanksgiving program|text
2020-02-25T04:01:25Z|sturley_576|sturley|Copyright Not             Evaluated|use and reproduction|http://rightsstatements.org/vocab/CNE/1.0/ |personal correspondence|AAT|TU:DLC:Filename:arm03040013000|local|eng|iso639-2b|code|Archives Collection|Collection|Arrowmont School of Arts and Crafts|Repository|Box 3, Folder 4|Detailed Location|Gatlinburg|City|Tennessee|State|https://digital.lib.utk.edu/collections/islandora/object/sturley%3A576|object in context|primary display|https://digital.lib.utk.edu/collections/islandora/object/sturley%3A576/datastream/TN/view|preview|Author|marcrelator|http://id.loc.gov/vocabulary/relators/aut|Sturley, Ruth|Arrowmont Letters|Project Part|1920-03-03|w3cdtf|yes|inferred|Arrowmont School of Arts and Crafts|4p|eng|iso639-2b|code|University of             Tennessee, Knoxville. Libraries|http://id.loc.gov/authorities/names/n87808088|From Pi Beta Phi to Arrowmont|Project|host|local|Living Conditions.|local|Students.|local|Snow.|    |    |[Letter] March 3, 1920, [Gatlinburg, Tennessee to] family|3.5|http://www.loc.gov/mods/v3|http://www.w3.org/1999/xlink|http://www.w3.org/2001/XMLSchema-instance|http://www.loc.gov/mods/v3 http://www.loc.gov/standards/mods/v3/mods-3-5.xsd|Time for report cards -|text
2020-02-25T04:01:25Z|sturley_690|sturley|Copyright Not             Evaluated|use and reproduction|http://rightsstatements.org/vocab/CNE/1.0/ |personal correspondence|AAT|TU:DLC:Filename:arm03030025000|local|eng|iso639-2b|code|Archives Collection|Collection|Arrowmont School of Arts and Crafts|Repository|Box 3, Folder 3|Detailed Location|Gatlinburg|City|Tennessee|State|https://digital.lib.utk.edu/collections/islandora/object/sturley%3A690|object in context|primary display|https://digital.lib.utk.edu/collections/islandora/object/sturley%3A690/datastream/TN/view|preview|Author|marcrelator|http://id.loc.gov/vocabulary/relators/aut|Sturley, Ruth|Arrowmont Letters|Project Part|1919-12-07|w3cdtf|yes|inferred|Arrowmont School of Arts and Crafts|7p|eng|iso639-2b|code|University of             Tennessee, Knoxville. Libraries|http://id.loc.gov/authorities/names/n87808088|From Pi Beta Phi to Arrowmont|Project|host|local|Living conditions.|local|School children.|local|People.|local|Social life.|[Letter] Dec. 7, 1919, [Gatlinburg, Tennessee to] family|3.5|http://www.loc.gov/mods/v3|http://www.w3.org/1999/xlink|http://www.w3.org/2001/XMLSchema-instance|http://www.loc.gov/mods/v3 http://www.loc.gov/standards/mods/v3/mods-3-5.xsd|"The ""Box Supper"""|text
2020-02-25T04:01:25Z|sturley_200|sturley|Copyright Not             Evaluated|use and reproduction|http://rightsstatements.org/vocab/CNE/1.0/ |personal correspondence|AAT|TU:DLC:Filename:arm03040020000|local|eng|iso639-2b|code|Archives Collection|Collection|Arrowmont School of Arts and Crafts|Repository|Box 3, Folder 4|Detailed Location|Gatlinburg|City|Tennessee|State|https://digital.lib.utk.edu/collections/islandora/object/sturley%3A200|object in context|primary display|https://digital.lib.utk.edu/collections/islandora/object/sturley%3A200/datastream/TN/view|preview|Author|marcrelator|http://id.loc.gov/vocabulary/relators/aut|Sturley, Ruth|Arrowmont Letters|Project Part|1920-04-05|w3cdtf|yes|inferred|Arrowmont School of Arts and Crafts|13p|eng|iso639-2b|code|University of             Tennessee, Knoxville. Libraries|http://id.loc.gov/authorities/names/n87808088|From Pi Beta Phi to Arrowmont|Project|host|local|Living Conditions.|local|Rivers.|local|People.|    |    |[Letter] April 5, 1920, [Gatlinburg, Tennessee to] family|3.5|http://www.loc.gov/mods/v3|http://www.w3.org/1999/xlink|http://www.w3.org/2001/XMLSchema-instance|http://www.loc.gov/mods/v3 http://www.loc.gov/standards/mods/v3/mods-3-5.xsd|Floods! - Getting ready to leave - Last calls on Maples, Huffs, McCarters|text
2020-02-25T04:01:25Z|sturley_106|sturley|Copyright Not             Evaluated|use and reproduction|http://rightsstatements.org/vocab/CNE/1.0/ |personal correspondence|AAT|TU:DLC:Filename:arm03030014000|local|eng|iso639-2b|code|Archives Collection|Collection|Arrowmont School of Arts and Crafts|Repository|Box 3, Folder 3|Detailed Location|Gatlinburg|City|Tennessee|State|https://digital.lib.utk.edu/collections/islandora/object/sturley%3A106|object in context|primary display|https://digital.lib.utk.edu/collections/islandora/object/sturley%3A106/datastream/TN/view|preview|Author|marcrelator|http://id.loc.gov/vocabulary/relators/aut|Sturley, Ruth|Arrowmont Letters|Project Part|1919-11-09|w3cdtf|yes|inferred|Arrowmont School of Arts and Crafts|7p|eng|iso639-2b|code|University of             Tennessee, Knoxville. Libraries|http://id.loc.gov/authorities/names/n87808088|From Pi Beta Phi to Arrowmont|Project|host|local|Living conditions.|local|People.|local|Social life.|    |    |[Letter] Nov. 9, 1919, [Gatlinburg, Tennessee to] family|3.5|http://www.loc.gov/mods/v3|http://www.w3.org/1999/xlink|http://www.w3.org/2001/XMLSchema-instance|http://www.loc.gov/mods/v3 http://www.loc.gov/standards/mods/v3/mods-3-5.xsd|Red Cross Meeting - Details of interruptions that break into our schedule|text
2020-02-25T04:01:25Z|sturley_591|sturley|Copyright Not             Evaluated|use and reproduction|http://rightsstatements.org/vocab/CNE/1.0/ |personal correspondence|AAT|TU:DLC:Filename:arm03040010000|local|eng|iso639-2b|code|Archives Collection|Collection|Arrowmont School of Arts and Crafts|Repository|Box 3, Folder 4|Detailed Location|Gatlinburg|City|Tennessee|State|https://digital.lib.utk.edu/collections/islandora/object/sturley%3A591|object in context|primary display|https://digital.lib.utk.edu/collections/islandora/object/sturley%3A591/datastream/TN/view|preview|Author|marcrelator|http://id.loc.gov/vocabulary/relators/aut|Sturley, Ruth|Arrowmont Letters|Project Part|1920-02-25|w3cdtf|yes|inferred|Arrowmont School of Arts and Crafts|6p|eng|iso639-2b|code|University of             Tennessee, Knoxville. Libraries|http://id.loc.gov/authorities/names/n87808088|From Pi Beta Phi to Arrowmont|Project|host|local|Living Conditions.|local|School activities.|local|Snow.|local|School plays.|[Letter] Feb. 25, 1920, [Gatlinburg, Tennessee to] family|3.5|http://www.loc.gov/mods/v3|http://www.w3.org/1999/xlink|http://www.w3.org/2001/XMLSchema-instance|http://www.loc.gov/mods/v3 http://www.loc.gov/standards/mods/v3/mods-3-5.xsd|Keeping warm at school - Mr. Cresswell's chores when Harrison is ill - Getting butter I go after butter which is scarce -|text
2020-02-25T04:01:25Z|sturley_298|sturley|Copyright Not             Evaluated|use and reproduction|http://rightsstatements.org/vocab/CNE/1.0/ |personal correspondence|AAT|TU:DLC:Filename:arm03020013000|local|eng|iso639-2b|code|Archives Collection|Collection|Arrowmont School of Arts and Crafts|Repository|Box 3, Folder 2|Detailed Location|Gatlinburg|City|Tennessee|State|https://digital.lib.utk.edu/collections/islandora/object/sturley%3A298|object in context|primary display|https://digital.lib.utk.edu/collections/islandora/object/sturley%3A298/datastream/TN/view|preview|Author|marcrelator|http://id.loc.gov/vocabulary/relators/aut|Sturley, Ruth|Arrowmont Letters|Project Part|1919-09-28|w3cdtf|yes|inferred|Arrowmont School of Arts and Crafts|23p|eng|iso639-2b|code|University of             Tennessee, Knoxville. Libraries|http://id.loc.gov/authorities/names/n87808088|From Pi Beta Phi to Arrowmont|Project|host|local|Living Conditions.|local|School buildings.|local|Fairs.|local|Mountains.|[Letter] Sept. 28, 1919, [Gatlinburg, Tennessee to] family|3.5|http://www.loc.gov/mods/v3|http://www.w3.org/1999/xlink|http://www.w3.org/2001/XMLSchema-instance|http://www.loc.gov/mods/v3 http://www.loc.gov/standards/mods/v3/mods-3-5.xsd|The Sunday School arrangement of exhibits in school for the fair. The fair diagram of schoolhouse. Visit to two other schools. Trip up Baskins Creek.|text
2020-02-25T04:01:25Z|sturley_87|sturley|Copyright Not             Evaluated|use and reproduction|http://rightsstatements.org/vocab/CNE/1.0/ |personal correspondence|AAT|TU:DLC:Filename:arm03030016000|local|eng|iso639-2b|code|Archives Collection|Collection|Arrowmont School of Arts and Crafts|Repository|Box 3, Folder 3|Detailed Location|Gatlinburg|City|Tennessee|State|https://digital.lib.utk.edu/collections/islandora/object/sturley%3A87|object in context|primary display|https://digital.lib.utk.edu/collections/islandora/object/sturley%3A87/datastream/TN/view|preview|Author|marcrelator|http://id.loc.gov/vocabulary/relators/aut|Sturley, Ruth|Arrowmont Letters|Project Part|1919-11-12|w3cdtf|yes|inferred|Arrowmont School of Arts and Crafts|10p|eng|iso639-2b|code|University of             Tennessee, Knoxville. Libraries|http://id.loc.gov/authorities/names/n87808088|From Pi Beta Phi to Arrowmont|Project|host|local|Living Conditions.|local|Holidays.|local|People.|local|Social life.|[Letter] Nov. 12, 1919, [Gatlinburg, Tennessee to] family|3.5|http://www.loc.gov/mods/v3|http://www.w3.org/1999/xlink|http://www.w3.org/2001/XMLSchema-instance|http://www.loc.gov/mods/v3 http://www.loc.gov/standards/mods/v3/mods-3-5.xsd|Autumn coloring everywhere - School subjects - Plans for Thanksgiving program|text
2020-02-25T04:01:25Z|sturley_165|sturley|Copyright Not             Evaluated|use and reproduction|http://rightsstatements.org/vocab/CNE/1.0/ |personal correspondence|AAT|TU:DLC:Filename:arm03030006000|local|eng|iso639-2b|code|Archives Collection|Collection|Arrowmont School of Arts and Crafts|Repository|Box 3, Folder 3|Detailed Location|Gatlinburg|City|Tennessee|State|https://digital.lib.utk.edu/collections/islandora/object/sturley%3A165|object in context|primary display|https://digital.lib.utk.edu/collections/islandora/object/sturley%3A165/datastream/TN/view|preview|Author|marcrelator|http://id.loc.gov/vocabulary/relators/aut|Sturley, Ruth|Arrowmont Letters|Project Part|1919-10-22|w3cdtf|yes|inferred|Arrowmont School of Arts and Crafts|4p|eng|iso639-2b|code|University of             Tennessee, Knoxville. Libraries|http://id.loc.gov/authorities/names/n87808088|From Pi Beta Phi to Arrowmont|Project|host|local|Living conditions.|local|People.|local|Students.|local|Home visits.|[Letter] Oct. 22, 1919, [Gatlinburg, Tennessee to] family|3.5|http://www.loc.gov/mods/v3|http://www.w3.org/1999/xlink|http://www.w3.org/2001/XMLSchema-instance|http://www.loc.gov/mods/v3 http://www.loc.gov/standards/mods/v3/mods-3-5.xsd|Lunch time at the school.|text
2020-02-25T04:01:25Z|sturley_276|sturley|Copyright Not             Evaluated|use and reproduction|http://rightsstatements.org/vocab/CNE/1.0/ |personal correspondence|AAT|TU:DLC:Filename:arm03020014000|local|eng|iso639-2b|code|Archives Collection|Collection|Arrowmont School of Arts and Crafts|Repository|Box 3, Folder 2|Detailed Location|Gatlinburg|City|Tennessee|State|https://digital.lib.utk.edu/collections/islandora/object/sturley%3A276|object in context|primary display|https://digital.lib.utk.edu/collections/islandora/object/sturley%3A276/datastream/TN/view|preview|Author|marcrelator|http://id.loc.gov/vocabulary/relators/aut|Sturley, Ruth|Arrowmont Letters|Project Part|1919-10-01|w3cdtf|yes|inferred|Arrowmont School of Arts and Crafts|21p|eng|iso639-2b|code|University of             Tennessee, Knoxville. Libraries|http://id.loc.gov/authorities/names/n87808088|From Pi Beta Phi to Arrowmont|Project|host|local|Living conditions.|local|People.|local|Schools.|local|Fairs.|[Letter] Oct. 01, 1919, [Gatlinburg, Tennessee to] Tacoma, Washington Pi Beta Phi Alumnae Club|3.5|http://www.loc.gov/mods/v3|http://www.w3.org/1999/xlink|http://www.w3.org/2001/XMLSchema-instance|http://www.loc.gov/mods/v3 http://www.loc.gov/standards/mods/v3/mods-3-5.xsd|Letter to Pi Phi Alumnae Club in Tacoma, Aunt Lizzie, Other schools in neighborhood, ShirShivaree First fair at the burg, Fair in Sevierville|text
2020-02-25T04:01:25Z|sturley_676|sturley|Copyright Not             Evaluated|use and reproduction|http://rightsstatements.org/vocab/CNE/1.0/ |personal correspondence|AAT|TU:DLC:Filename:arm03030027000|local|eng|iso639-2b|code|Archives Collection|Collection|Arrowmont School of Arts and Crafts|Repository|Box 3, Folder 3|Detailed Location|Gatlinburg|City|Tennessee|State|https://digital.lib.utk.edu/collections/islandora/object/sturley%3A676|object in context|primary display|https://digital.lib.utk.edu/collections/islandora/object/sturley%3A676/datastream/TN/view|preview|Author|marcrelator|http://id.loc.gov/vocabulary/relators/aut|Sturley, Ruth|Arrowmont Letters|Project Part|1919-12-14|w3cdtf|yes|inferred|Arrowmont School of Arts and Crafts|7p|eng|iso639-2b|code|University of             Tennessee, Knoxville. Libraries|http://id.loc.gov/authorities/names/n87808088|From Pi Beta Phi to Arrowmont|Project|host|local|Living conditions.|local|Home visits.|local|Food.|    |    |[Letter] Dec. 14, 1919, [Gatlinburg, Tennessee to] family|3.5|http://www.loc.gov/mods/v3|http://www.w3.org/1999/xlink|http://www.w3.org/2001/XMLSchema-instance|http://www.loc.gov/mods/v3 http://www.loc.gov/standards/mods/v3/mods-3-5.xsd|New Orleans' plans - Debate - Visit at home of the Runyans in Sevierville|text
2020-02-25T04:01:25Z|sturley_698|sturley|Copyright Not             Evaluated|use and reproduction|http://rightsstatements.org/vocab/CNE/1.0/ |personal correspondence|AAT|TU:DLC:Filename:arm03030024000|local|eng|iso639-2b|code|Archives Collection|Collection|Arrowmont School of Arts and Crafts|Repository|Box 3, Folder 3|Detailed Location|Gatlinburg|City|Tennessee|State|https://digital.lib.utk.edu/collections/islandora/object/sturley%3A698|object in context|primary display|https://digital.lib.utk.edu/collections/islandora/object/sturley%3A698/datastream/TN/view|preview|Author|marcrelator|http://id.loc.gov/vocabulary/relators/aut|Sturley, Ruth|Arrowmont Letters|Project Part|1919-12-03|w3cdtf|yes|inferred|Arrowmont School of Arts and Crafts|4p|eng|iso639-2b|code|University of             Tennessee, Knoxville. Libraries|http://id.loc.gov/authorities/names/n87808088|From Pi Beta Phi to Arrowmont|Project|host|local|Social events.|local|Plays.|local|Holidays.|local|People.|[Letter] Dec. 3, 1919, [Gatlinburg, Tennessee to] family|3.5|http://www.loc.gov/mods/v3|http://www.w3.org/1999/xlink|http://www.w3.org/2001/XMLSchema-instance|http://www.loc.gov/mods/v3 http://www.loc.gov/standards/mods/v3/mods-3-5.xsd|Christmas Tableaux rehearsal|text
2020-02-25T04:01:25Z|sturley_466|sturley|Copyright Not             Evaluated|use and reproduction|http://rightsstatements.org/vocab/CNE/1.0/ |personal correspondence|AAT|TU:DLC:Filename:arm03020005000|local|eng|iso639-2b|code|Archives Collection|Collection|Arrowmont School of Arts and Crafts|Repository|Box 3, Folder 2|Detailed Location|Gatlinburg|City|Tennessee|State|https://digital.lib.utk.edu/collections/islandora/object/sturley%3A466|object in context|primary display|https://digital.lib.utk.edu/collections/islandora/object/sturley%3A466/datastream/TN/view|preview|Author|marcrelator|http://id.loc.gov/vocabulary/relators/aut|Sturley, Ruth|Arrowmont Letters|Project Part|1919-08-26|w3cdtf|yes|inferred|Arrowmont School of Arts and Crafts|13p|eng|iso639-2b|code|University of             Tennessee, Knoxville. Libraries|http://id.loc.gov/authorities/names/n87808088|From Pi Beta Phi to Arrowmont|Project|host|local|Living Conditions.|local|Food.|local|Landscape.|local|Extracurricular activities.|[Letter] Aug. 26, 1919, [Gatlinburg, Tennessee to] family|3.5|http://www.loc.gov/mods/v3|http://www.w3.org/1999/xlink|http://www.w3.org/2001/XMLSchema-instance|http://www.loc.gov/mods/v3 http://www.loc.gov/standards/mods/v3/mods-3-5.xsd|Miss Whittle's visit, Our trip to the Glades, Call on mountain families including Aunt Lizzie's son's, Plan for the girls Evergreen Club, Mrs. Proffit (Profit) cooks for boys' dormitory|text
2020-02-25T04:01:25Z|sturley_716|sturley|Copyright Not             Evaluated|use and reproduction|http://rightsstatements.org/vocab/CNE/1.0/ |personal correspondence|AAT|TU:DLC:Filename:arm03030021000|local|eng|iso639-2b|code|Archives Collection|Collection|Arrowmont School of Arts and Crafts|Repository|Box 3, Folder 3|Detailed Location|Gatlinburg|City|Tennessee|State|https://digital.lib.utk.edu/collections/islandora/object/sturley%3A716|object in context|primary display|https://digital.lib.utk.edu/collections/islandora/object/sturley%3A716/datastream/TN/view|preview|Author|marcrelator|http://id.loc.gov/vocabulary/relators/aut|Sturley, Ruth|Arrowmont Letters|Project Part|1919-11-23|w3cdtf|yes|inferred|Arrowmont School of Arts and Crafts|4p|eng|iso639-2b|code|University of             Tennessee, Knoxville. Libraries|http://id.loc.gov/authorities/names/n87808088|From Pi Beta Phi to Arrowmont|Project|host|local|Living conditions.|local|Livestock.|local|People.|local|Religion.|[Letter] Nov. 23, 1919, [Gatlinburg, Tennessee to] family|3.5|http://www.loc.gov/mods/v3|http://www.w3.org/1999/xlink|http://www.w3.org/2001/XMLSchema-instance|http://www.loc.gov/mods/v3 http://www.loc.gov/standards/mods/v3/mods-3-5.xsd|Description of B.Y.P.U. services and those of the church - Pledges by members - Pig killed - Routine affairs|text
2020-02-25T04:01:25Z|sturley_721|sturley|Copyright Not             Evaluated|use and reproduction|http://rightsstatements.org/vocab/CNE/1.0/ |personal correspondence|AAT|TU:DLC:Filename:arm03040004000|local|eng|iso639-2b|code|Archives Collection|Collection|Arrowmont School of Arts and Crafts|Repository|Box 3, Folder 4|Detailed Location|Gatlinburg|City|Tennessee|State|https://digital.lib.utk.edu/collections/islandora/object/sturley%3A721|object in context|primary display|https://digital.lib.utk.edu/collections/islandora/object/sturley%3A721/datastream/TN/view|preview|Author|marcrelator|http://id.loc.gov/vocabulary/relators/aut|Sturley, Ruth|Arrowmont Letters|Project Part|1920-02-05|w3cdtf|yes|inferred|Arrowmont School of Arts and Crafts|7p|eng|iso639-2b|code|University of             Tennessee, Knoxville. Libraries|http://id.loc.gov/authorities/names/n87808088|From Pi Beta Phi to Arrowmont|Project|host|local|Living Conditions.|local|Home visits.|local|School children.|local|Social life.|[Letter] Feb. 5, 1920, [Gatlinburg, Tennessee to] family|3.5|http://www.loc.gov/mods/v3|http://www.w3.org/1999/xlink|http://www.w3.org/2001/XMLSchema-instance|http://www.loc.gov/mods/v3 http://www.loc.gov/standards/mods/v3/mods-3-5.xsd|More calls. Primary class has party at the house - Plans for the future of Gatlinburg.|text
2020-02-25T04:01:25Z|sturley_737|sturley|Copyright Not             Evaluated|use and reproduction|http://rightsstatements.org/vocab/CNE/1.0/ |personal correspondence|AAT|TU:DLC:Filename:arm03030018000|local|eng|iso639-2b|code|Archives Collection|Collection|Arrowmont School of Arts and Crafts|Repository|Box 3, Folder 3|Detailed Location|Gatlinburg|City|Tennessee|State|https://digital.lib.utk.edu/collections/islandora/object/sturley%3A737|object in context|primary display|https://digital.lib.utk.edu/collections/islandora/object/sturley%3A737/datastream/TN/view|preview|Author|marcrelator|http://id.loc.gov/vocabulary/relators/aut|Sturley, Ruth|Arrowmont Letters|Project Part|1919-11-18|w3cdtf|yes|inferred|Arrowmont School of Arts and Crafts|4p|eng|iso639-2b|code|University of             Tennessee, Knoxville. Libraries|http://id.loc.gov/authorities/names/n87808088|From Pi Beta Phi to Arrowmont|Project|host|local|Living conditions.|local|War.|local|People.|local|Social life.|[Letter] Nov. 18, 1919, [Gatlinburg, Tennessee to] family|3.5|http://www.loc.gov/mods/v3|http://www.w3.org/1999/xlink|http://www.w3.org/2001/XMLSchema-instance|http://www.loc.gov/mods/v3 http://www.loc.gov/standards/mods/v3/mods-3-5.xsd|Armistice Day - Call on the Prickets, former teachers at our school - Debates - Plans for factory set up by the school made by Miss Langmaid|text
2020-02-25T04:01:25Z|sturley_322|sturley|Copyright Not             Evaluated|use and reproduction|http://rightsstatements.org/vocab/CNE/1.0/ |personal correspondence|AAT|TU:DLC:Filename:arm03040018000|local|eng|iso639-2b|code|Archives Collection|Collection|Arrowmont School of Arts and Crafts|Repository|Box 3, Folder 4|Detailed Location|Gatlinburg|City|Tennessee|State|https://digital.lib.utk.edu/collections/islandora/object/sturley%3A322|object in context|primary display|https://digital.lib.utk.edu/collections/islandora/object/sturley%3A322/datastream/TN/view|preview|Author|marcrelator|http://id.loc.gov/vocabulary/relators/aut|Sturley, Ruth|Arrowmont Letters|Project Part|1920-03-28|w3cdtf|yes|inferred|Arrowmont School of Arts and Crafts|7p|eng|iso639-2b|code|University of             Tennessee, Knoxville. Libraries|http://id.loc.gov/authorities/names/n87808088|From Pi Beta Phi to Arrowmont|Project|host|local|Living Conditions.|local|Disease.|local|People.|    |    |[Letter] March 28, 1920, [Gatlinburg, Tennessee to] family|3.5|http://www.loc.gov/mods/v3|http://www.w3.org/1999/xlink|http://www.w3.org/2001/XMLSchema-instance|http://www.loc.gov/mods/v3 http://www.loc.gov/standards/mods/v3/mods-3-5.xsd|School closed unexpectedly Mar. 24 because of smallpox scare - Everyone scatters. I stay till April 6th on because of DAR Congress in Washington which I am to attend as delegate and page|text
2020-02-25T04:01:25Z|sturley_627|sturley|Copyright Not             Evaluated|use and reproduction|http://rightsstatements.org/vocab/CNE/1.0/ |personal correspondence|AAT|TU:DLC:Filename:arm03040005000|local|eng|iso639-2b|code|Archives Collection|Collection|Arrowmont School of Arts and Crafts|Repository|Box 3, Folder 4|Detailed Location|Gatlinburg|City|Tennessee|State|https://digital.lib.utk.edu/collections/islandora/object/sturley%3A627|object in context|primary display|https://digital.lib.utk.edu/collections/islandora/object/sturley%3A627/datastream/TN/view|preview|Author|marcrelator|http://id.loc.gov/vocabulary/relators/aut|Sturley, Ruth|Arrowmont Letters|Project Part|1920-02-07|w3cdtf|yes|inferred|Arrowmont School of Arts and Crafts|7p|eng|iso639-2b|code|University of             Tennessee, Knoxville. Libraries|http://id.loc.gov/authorities/names/n87808088|From Pi Beta Phi to Arrowmont|Project|host|local|Living Conditions.|local|Home visits.|local|People.|local|Baskets.|[Letter] Feb. 7, 1920, [Gatlinburg, Tennessee to] Tacoma, Washington Pi Beta Phi Alumnae Club|3.5|http://www.loc.gov/mods/v3|http://www.w3.org/1999/xlink|http://www.w3.org/2001/XMLSchema-instance|http://www.loc.gov/mods/v3 http://www.loc.gov/standards/mods/v3/mods-3-5.xsd|Letter to the Tacoma alumnae (Inez Smith Soule Alumnae Club). Aunt Lydia Whaley and her home.|text
2020-02-25T04:01:25Z|sturley_195|sturley|Copyright Not             Evaluated|use and reproduction|http://rightsstatements.org/vocab/CNE/1.0/ |personal correspondence|AAT|TU:DLC:Filename:arm03030003000|local|eng|iso639-2b|code|Archives Collection|Collection|Arrowmont School of Arts and Crafts|Repository|Box 3, Folder 3|Detailed Location|Gatlinburg|City|Tennessee|State|https://digital.lib.utk.edu/collections/islandora/object/sturley%3A195|object in context|primary display|https://digital.lib.utk.edu/collections/islandora/object/sturley%3A195/datastream/TN/view|preview|Author|marcrelator|http://id.loc.gov/vocabulary/relators/aut|Sturley, Ruth|Arrowmont Letters|Project Part|1919-10-15|w3cdtf|yes|inferred|Arrowmont School of Arts and Crafts|4p|eng|iso639-2b|code|University of             Tennessee, Knoxville. Libraries|http://id.loc.gov/authorities/names/n87808088|From Pi Beta Phi to Arrowmont|Project|host|local|Living conditions.|local|People.|local|Home visits.|local|Social life.|[Letter] Oct. 15, 1919, [Gatlinburg, Tennessee to] family|3.5|http://www.loc.gov/mods/v3|http://www.w3.org/1999/xlink|http://www.w3.org/2001/XMLSchema-instance|http://www.loc.gov/mods/v3 http://www.loc.gov/standards/mods/v3/mods-3-5.xsd|Description of Aunt Lydia Whaley and her home.|text
2020-02-25T04:01:25Z|sturley_160|sturley|Copyright Not             Evaluated|use and reproduction|http://rightsstatements.org/vocab/CNE/1.0/ |personal correspondence|AAT|TU:DLC:Filename:arm03030007000|local|eng|iso639-2b|code|Archives Collection|Collection|Arrowmont School of Arts and Crafts|Repository|Box 3, Folder 3|Detailed Location|Gatlinburg|City|Tennessee|State|https://digital.lib.utk.edu/collections/islandora/object/sturley%3A160|object in context|primary display|https://digital.lib.utk.edu/collections/islandora/object/sturley%3A160/datastream/TN/view|preview|Author|marcrelator|http://id.loc.gov/vocabulary/relators/aut|Sturley, Ruth|Arrowmont Letters|Project Part|1919-10-23|w3cdtf|yes|inferred|Arrowmont School of Arts and Crafts|4p|eng|iso639-2b|code|University of             Tennessee, Knoxville. Libraries|http://id.loc.gov/authorities/names/n87808088|From Pi Beta Phi to Arrowmont|Project|host|local|Living Conditions.|local|People.|local|School programs.|local|Social events.|[Letter] Oct. 23, 1919, [Gatlinburg, Tennessee to] family|3.5|http://www.loc.gov/mods/v3|http://www.w3.org/1999/xlink|http://www.w3.org/2001/XMLSchema-instance|http://www.loc.gov/mods/v3 http://www.loc.gov/standards/mods/v3/mods-3-5.xsd|Poor weather and roads. Debating Club Organized.|text
2020-02-25T04:01:25Z|sturley_567|sturley|Copyright Not             Evaluated|use and reproduction|http://rightsstatements.org/vocab/CNE/1.0/ |personal correspondence|AAT|TU:DLC:Filename:arm03040014000|local|eng|iso639-2b|code|Archives Collection|Collection|Arrowmont School of Arts and Crafts|Repository|Box 3, Folder 4|Detailed Location|Gatlinburg|City|Tennessee|State|https://digital.lib.utk.edu/collections/islandora/object/sturley%3A567|object in context|primary display|https://digital.lib.utk.edu/collections/islandora/object/sturley%3A567/datastream/TN/view|preview|Author|marcrelator|http://id.loc.gov/vocabulary/relators/aut|Sturley, Ruth|Arrowmont Letters|Project Part|1920-03-14|w3cdtf|yes|inferred|Arrowmont School of Arts and Crafts|8p|eng|iso639-2b|code|University of             Tennessee, Knoxville. Libraries|http://id.loc.gov/authorities/names/n87808088|From Pi Beta Phi to Arrowmont|Project|host|local|Living Conditions.|local|Home visits.|local|School plays.|    |    |[Letter] March 14, 1920, [Gatlinburg, Tennessee to] family|3.5|http://www.loc.gov/mods/v3|http://www.w3.org/1999/xlink|http://www.w3.org/2001/XMLSchema-instance|http://www.loc.gov/mods/v3 http://www.loc.gov/standards/mods/v3/mods-3-5.xsd|More visiting at the Huffs and the McCarters - also a debate held|text
2020-02-25T04:01:25Z|sturley_214|sturley|Copyright Not             Evaluated|use and reproduction|http://rightsstatements.org/vocab/CNE/1.0/ |personal correspondence|AAT|TU:DLC:Filename:arm03030002000|local|eng|iso639-2b|code|Archives Collection|Collection|Arrowmont School of Arts and Crafts|Repository|Box 3, Folder 3|Detailed Location|Gatlinburg|City|Tennessee|State|https://digital.lib.utk.edu/collections/islandora/object/sturley%3A214|object in context|primary display|https://digital.lib.utk.edu/collections/islandora/object/sturley%3A214/datastream/TN/view|preview|Author|marcrelator|http://id.loc.gov/vocabulary/relators/aut|Sturley, Ruth|Arrowmont Letters|Project Part|1919-10-12|w3cdtf|yes|inferred|Arrowmont School of Arts and Crafts|7p|eng|iso639-2b|code|University of             Tennessee, Knoxville. Libraries|http://id.loc.gov/authorities/names/n87808088|From Pi Beta Phi to Arrowmont|Project|host|local|Living Conditions.|local|People.|local|Landscape.|    |    |[Letter] Oct. 12, 1919, [Gatlinburg, Tennessee to] family|3.5|http://www.loc.gov/mods/v3|http://www.w3.org/1999/xlink|http://www.w3.org/2001/XMLSchema-instance|http://www.loc.gov/mods/v3 http://www.loc.gov/standards/mods/v3/mods-3-5.xsd|Milking Jersey cow. Horseback trip. Chestnut ripe|text
2020-02-25T04:01:25Z|sturley_650|sturley|Copyright Not             Evaluated|use and reproduction|http://rightsstatements.org/vocab/CNE/1.0/ |personal correspondence|AAT|TU:DLC:Filename:arm03040001000|local|eng|iso639-2b|code|Archives Collection|Collection|Arrowmont School of Arts and Crafts|Repository|Box 3, Folder 4|Detailed Location|Gatlinburg|City|Tennessee|State|https://digital.lib.utk.edu/collections/islandora/object/sturley%3A650|object in context|primary display|https://digital.lib.utk.edu/collections/islandora/object/sturley%3A650/datastream/TN/view|preview|Author|marcrelator|http://id.loc.gov/vocabulary/relators/aut|Sturley, Ruth|Arrowmont Letters|Project Part|1920-01-08|w3cdtf|yes|inferred|Arrowmont School of Arts and Crafts|4p|eng|iso639-2b|code|University of             Tennessee, Knoxville. Libraries|http://id.loc.gov/authorities/names/n87808088|From Pi Beta Phi to Arrowmont|Project|host|local|Living Conditions.|local|Revivals.|local|School children.|local|Religion.|[Letter] Jan. 8, 1920, [Gatlinburg, Tennessee to] family|3.5|http://www.loc.gov/mods/v3|http://www.w3.org/1999/xlink|http://www.w3.org/2001/XMLSchema-instance|http://www.loc.gov/mods/v3 http://www.loc.gov/standards/mods/v3/mods-3-5.xsd|Items on bulletin board at school. School paper planned.|text
